AgentId,KnowledgeSourceType,MetricDate,Count of knowledge source in total sessions,Count of knowledge source in unengaged sessions,Count of knowledge source in engaged sessions,Count of knowledge source in resolved sessions,Count of knowledge source in escalated sessions,Count of knowledge source in abandoned sessions,Count of Knowledge sources in autonomous runs,Count of Knowledge sources in successful autonomous runs
87393e81-7495-669f-21ae-593bef161fec,Unknown,2025-11-30,4,0,4,0,0,4,0,0
33e839ea-074e-e138-16dc-4a867812860d,Unknown,2025-11-30,0,0,0,0,0,0,7,7
87393e81-7495-669f-21ae-593bef161fec,SharePointSearchSource,2025-11-30,52,0,52,0,11,41,0,0
8785182c-24d6-7f79-5dc9-9ac9fd249562,SharePointSearchSource,2025-11-30,7,0,7,0,0,7,0,0
b7663e05-9566-32c2-652f-3d0adb031bc3,SharePointSearchSource,2025-11-30,1,0,1,0,0,1,0,0
2697718a-42c6-f250-aa5e-f0f8952c062b,SharePointSearchSource,2025-11-30,22,0,22,0,0,22,0,0
610a1003-e9e3-4885-7db3-022c19733bfa,Unknown,2025-11-30,2,0,2,0,0,2,0,0
ae0ffdb4-3f51-f4c4-87a7-53c2b46a0c18,Unknown,2025-11-30,0,0,0,0,0,0,6,6
32f583f9-f6d8-c9f0-486d-cf7e37e290a3,SharePointSearchSource,2025-11-30,1,0,1,0,0,1,0,0
6e658adc-fd2c-5e2d-4c87-36c2c1cb51c4,Unknown,2025-11-30,4,0,4,0,0,4,0,0
3baf12a4-9501-a528-b314-c920811a3df0,Unknown,2025-11-30,4,0,4,0,0,4,0,0
169d23ee-46b6-6035-1181-5a8f971e97d7,SharePointSearchSource,2025-11-30,7,0,7,1,0,6,0,0
cc7b8ab1-1d07-4be2-ae9f-dbdbe55bc815,SharePointSearchSource,2025-11-30,8,0,8,0,0,8,0,0
97e0c126-373b-af1e-56cd-788ede4eb630,Unknown,2025-11-30,5,0,5,0,0,5,0,0
3baf12a4-9501-a528-b314-c920811a3df0,SharePointSearchSource,2025-11-30,3,0,3,0,0,3,0,0
8785182c-24d6-7f79-5dc9-9ac9fd249562,Unknown,2025-11-30,1,0,1,0,0,1,0,0
169d23ee-46b6-6035-1181-5a8f971e97d7,Unknown,2025-11-30,7,0,7,3,0,4,0,0
84fd6b25-b55c-ae4d-4098-b607983fdcc8,SharePointSearchSource,2025-11-30,1,0,1,0,0,1,0,0
4111a6f3-4795-faaa-a909-d41f12b3b59d,Unknown,2025-11-30,1,0,1,0,0,1,0,0
c7f55dbb-2320-dd06-d650-1ff541f9a0a9,Unknown,2025-11-30,3,0,3,0,0,3,0,0
ceede420-8909-11dc-8679-f8de582f2516,SharePointSearchSource,2025-11-30,1,0,1,0,0,1,0,0
53c7f1c6-a8e7-5cfb-6d23-34f30849e2b2,SharePointSearchSource,2025-11-30,2,0,2,0,0,2,0,0
65f50475-4310-c061-588a-0013c4281df5,SharePointSearchSource,2025-11-30,50,1,49,0,9,40,0,0
f782731f-ea53-6b3d-b09b-cbd8d0cf39d9,Unknown,2025-11-30,2,0,2,0,0,2,0,0
27e807a7-26de-f724-f67b-accc6e390973,SharePointSearchSource,2025-11-30,30,0,30,0,0,30,0,0
c7f55dbb-2320-dd06-d650-1ff541f9a0a9,SharePointSearchSource,2025-11-30,1,0,1,0,0,1,0,0
c7f55dbb-2320-dd06-d650-1ff541f9a0a9,Unknown,2025-12-07,8,0,8,0,0,8,0,0
77f55b4a-cfc4-c254-b834-f69f8f1dc8e0,Unknown,2025-12-07,1,0,1,1,0,0,0,0
623ba53d-e9ff-887b-2cce-47bdc661a1b7,SharePointSearchSource,2025-12-07,68,0,68,0,0,68,0,0
4111a6f3-4795-faaa-a909-d41f12b3b59d,Unknown,2025-12-07,1,0,1,0,0,1,0,0
27e807a7-26de-f724-f67b-accc6e390973,SharePointSearchSource,2025-12-07,2,0,2,0,0,2,0,0
c7f55dbb-2320-dd06-d650-1ff541f9a0a9,SharePointSearchSource,2025-12-07,1,0,1,0,0,1,0,0
65f50475-4310-c061-588a-0013c4281df5,SharePointSearchSource,2025-12-07,50,0,50,0,0,50,0,0
f782731f-ea53-6b3d-b09b-cbd8d0cf39d9,Unknown,2025-12-07,26,0,26,0,0,26,0,0
ceede420-8909-11dc-8679-f8de582f2516,SharePointSearchSource,2025-12-07,1,0,1,0,0,1,0,0
2697718a-42c6-f250-aa5e-f0f8952c062b,SharePointSearchSource,2025-12-07,24,0,24,0,0,24,0,0
87393e81-7495-669f-21ae-593bef161fec,Unknown,2025-12-07,2,0,2,0,1,1,0,0
33e839ea-074e-e138-16dc-4a867812860d,Unknown,2025-12-07,0,0,0,0,0,0,7,7
87393e81-7495-669f-21ae-593bef161fec,SharePointSearchSource,2025-12-07,28,0,28,0,10,18,0,0
75d4fa33-7033-c6f5-b27f-5e9c678920f2,SharePointSearchSource,2025-12-07,4,0,4,0,0,4,0,0
169d23ee-46b6-6035-1181-5a8f971e97d7,Unknown,2025-12-07,6,0,6,2,0,4,0,0
3baf12a4-9501-a528-b314-c920811a3df0,Unknown,2025-12-07,8,0,8,0,0,8,0,0
169d23ee-46b6-6035-1181-5a8f971e97d7,SharePointSearchSource,2025-12-07,5,0,5,5,0,0,0,0
97e0c126-373b-af1e-56cd-788ede4eb630,Unknown,2025-12-07,3,0,3,0,0,3,0,0
3baf12a4-9501-a528-b314-c920811a3df0,SharePointSearchSource,2025-12-07,3,0,3,0,0,3,0,0
6e658adc-fd2c-5e2d-4c87-36c2c1cb51c4,Unknown,2025-12-07,1,0,1,0,0,1,0,0
3a56460b-84a9-d33e-7c45-c9c85440b43d,SharePointSearchSource,2025-12-07,1,0,1,1,0,0,0,0
87393e81-7495-669f-21ae-593bef161fec,SharePointSearchSource,2025-12-14,14,0,14,0,2,12,0,0
33e839ea-074e-e138-16dc-4a867812860d,Unknown,2025-12-14,0,0,0,0,0,0,7,7
595f2dec-43f2-432c-0166-43583b0cd638,Unknown,2025-12-14,1,0,1,0,0,1,0,0
2697718a-42c6-f250-aa5e-f0f8952c062b,SharePointSearchSource,2025-12-14,39,0,39,0,0,39,0,0
8785182c-24d6-7f79-5dc9-9ac9fd249562,SharePointSearchSource,2025-12-14,20,0,20,0,0,20,0,0
6e658adc-fd2c-5e2d-4c87-36c2c1cb51c4,Unknown,2025-12-14,3,0,3,0,0,3,0,0
886be1cd-d374-b473-eb5e-5e44351e0f6c,DataverseStructuredSearchSource,2025-12-14,4,0,4,0,0,4,0,0
169d23ee-46b6-6035-1181-5a8f971e97d7,Unknown,2025-12-14,6,0,6,1,0,5,0,0
169d23ee-46b6-6035-1181-5a8f971e97d7,SharePointSearchSource,2025-12-14,4,0,4,0,0,4,0,0
8785182c-24d6-7f79-5dc9-9ac9fd249562,Unknown,2025-12-14,10,0,10,0,0,10,0,0
c7f55dbb-2320-dd06-d650-1ff541f9a0a9,Unknown,2025-12-14,8,0,8,0,0,8,0,0
4111a6f3-4795-faaa-a909-d41f12b3b59d,Unknown,2025-12-14,3,0,3,0,0,3,0,0
623ba53d-e9ff-887b-2cce-47bdc661a1b7,SharePointSearchSource,2025-12-14,7,0,7,0,0,7,0,0
169d23ee-46b6-6035-1181-5a8f971e97d7,FileGroupKnowledgeSource,2025-12-14,1,0,1,1,0,0,0,0
886be1cd-d374-b473-eb5e-5e44351e0f6c,Unknown,2025-12-14,7,0,7,0,0,7,0,0
886be1cd-d374-b473-eb5e-5e44351e0f6c,FileGroupKnowledgeSource,2025-12-14,14,0,14,0,0,14,0,0
27e807a7-26de-f724-f67b-accc6e390973,SharePointSearchSource,2025-12-14,28,0,28,0,0,28,0,0
c7f55dbb-2320-dd06-d650-1ff541f9a0a9,SharePointSearchSource,2025-12-14,1,0,1,0,0,1,0,0
65f50475-4310-c061-588a-0013c4281df5,SharePointSearchSource,2025-12-14,36,0,36,0,0,36,0,0
c2549aa3-c5ed-3cd6-1c07-aecddf125dc0,SharePointSearchSource,2025-12-21,5,0,5,0,0,5,0,0
c7f55dbb-2320-dd06-d650-1ff541f9a0a9,Unknown,2025-12-21,9,0,9,0,0,9,0,0
c7f55dbb-2320-dd06-d650-1ff541f9a0a9,SharePointSearchSource,2025-12-21,1,0,1,0,0,1,0,0
27e807a7-26de-f724-f67b-accc6e390973,SharePointSearchSource,2025-12-21,10,0,10,0,0,10,0,0
65f50475-4310-c061-588a-0013c4281df5,SharePointSearchSource,2025-12-21,10,0,10,0,0,10,0,0
2697718a-42c6-f250-aa5e-f0f8952c062b,SharePointSearchSource,2025-12-21,32,0,32,0,0,32,0,0
33e839ea-074e-e138-16dc-4a867812860d,Unknown,2025-12-21,0,0,0,0,0,0,5,5
87393e81-7495-669f-21ae-593bef161fec,Unknown,2025-12-21,1,0,1,0,0,1,0,0
87393e81-7495-669f-21ae-593bef161fec,SharePointSearchSource,2025-12-21,2,0,2,0,1,1,0,0
5552737a-8fac-ec4c-5390-c6dcaedffc62,SharePointSearchSource,2025-12-21,1,0,1,0,0,1,0,0
2697718a-42c6-f250-aa5e-f0f8952c062b,SharePointSearchSource,2025-12-28,19,0,19,0,0,19,0,0
87393e81-7495-669f-21ae-593bef161fec,SharePointSearchSource,2025-12-28,3,0,3,0,0,3,0,0
33e839ea-074e-e138-16dc-4a867812860d,Unknown,2025-12-28,0,0,0,0,0,0,7,7
92f0610d-cb6f-e80d-d484-e68f04aff476,SharePointSearchSource,2025-12-28,10,0,10,0,0,10,0,0
578241a6-ff5e-ce63-21bc-18fd3b399892,Unknown,2025-12-28,0,0,0,0,0,0,68,68
65f50475-4310-c061-588a-0013c4281df5,SharePointSearchSource,2025-12-28,3,0,3,0,0,3,0,0
27e807a7-26de-f724-f67b-accc6e390973,SharePointSearchSource,2025-12-28,7,0,7,0,0,7,0,0
c7f55dbb-2320-dd06-d650-1ff541f9a0a9,Unknown,2026-01-04,14,0,14,0,0,14,0,0
578241a6-ff5e-ce63-21bc-18fd3b399892,Unknown,2026-01-04,0,0,0,0,0,0,18,18
88df5d78-2875-0e48-4f24-7e5887fa7ccb,SharePointSearchSource,2026-01-04,2,0,2,2,0,0,0,0
84fd6b25-b55c-ae4d-4098-b607983fdcc8,SharePointSearchSource,2026-01-04,6,0,6,0,0,6,0,0
c7f55dbb-2320-dd06-d650-1ff541f9a0a9,SharePointSearchSource,2026-01-04,3,0,3,0,0,3,0,0
27e807a7-26de-f724-f67b-accc6e390973,SharePointSearchSource,2026-01-04,5,0,5,0,0,5,0,0
65f50475-4310-c061-588a-0013c4281df5,SharePointSearchSource,2026-01-04,43,0,43,0,3,40,0,0
87393e81-7495-669f-21ae-593bef161fec,SharePointSearchSource,2026-01-04,20,0,20,0,2,18,0,0
33e839ea-074e-e138-16dc-4a867812860d,Unknown,2026-01-04,0,0,0,0,0,0,6,6
87393e81-7495-669f-21ae-593bef161fec,Unknown,2026-01-04,2,0,2,0,0,2,0,0
2697718a-42c6-f250-aa5e-f0f8952c062b,SharePointSearchSource,2026-01-04,26,0,26,0,0,26,0,0
76d780bd-840a-d20b-98e0-d710b1e73125,SharePointSearchSource,2026-01-04,1,0,1,0,0,1,0,0
8785182c-24d6-7f79-5dc9-9ac9fd249562,SharePointSearchSource,2026-01-04,2,1,1,0,0,1,0,0
6e658adc-fd2c-5e2d-4c87-36c2c1cb51c4,Unknown,2026-01-04,6,0,6,0,0,6,0,0
5552737a-8fac-ec4c-5390-c6dcaedffc62,SharePointSearchSource,2026-01-04,1,0,1,0,0,1,0,0
92f0610d-cb6f-e80d-d484-e68f04aff476,SharePointSearchSource,2026-01-04,12,0,12,0,0,12,0,0
6f839a22-bcfd-8a3b-2e70-951c6674d89c,AzureAISearchSource,2026-01-04,14,0,14,0,0,14,0,0
75d4fa33-7033-c6f5-b27f-5e9c678920f2,SharePointSearchSource,2026-01-04,10,0,10,0,0,10,0,0
97e0c126-373b-af1e-56cd-788ede4eb630,Unknown,2026-01-04,4,0,4,0,0,4,0,0
6f839a22-bcfd-8a3b-2e70-951c6674d89c,AzureAISearchSource,2026-01-11,34,0,34,0,0,34,0,0
595f2dec-43f2-432c-0166-43583b0cd638,Unknown,2026-01-11,2,0,2,0,0,2,0,0
8785182c-24d6-7f79-5dc9-9ac9fd249562,SharePointSearchSource,2026-01-11,2,0,2,0,0,2,0,0
2697718a-42c6-f250-aa5e-f0f8952c062b,SharePointSearchSource,2026-01-11,24,0,24,0,0,24,0,0
33e839ea-074e-e138-16dc-4a867812860d,Unknown,2026-01-11,0,0,0,0,0,0,4,4
87393e81-7495-669f-21ae-593bef161fec,SharePointSearchSource,2026-01-11,8,0,8,0,0,8,0,0
75d4fa33-7033-c6f5-b27f-5e9c678920f2,SharePointSearchSource,2026-01-11,26,0,26,0,0,26,0,0
ee718c68-1d29-10e6-f313-c4fd91c382dc,SharePointSearchSource,2026-01-11,4,0,4,0,0,4,0,0
cc7b8ab1-1d07-4be2-ae9f-dbdbe55bc815,SharePointSearchSource,2026-01-11,1,0,1,0,0,1,0,0
886be1cd-d374-b473-eb5e-5e44351e0f6c,DataverseStructuredSearchSource,2026-01-11,2,0,2,0,0,2,0,0
5552737a-8fac-ec4c-5390-c6dcaedffc62,SharePointSearchSource,2026-01-11,4,0,4,0,0,4,0,0
53c7f1c6-a8e7-5cfb-6d23-34f30849e2b2,Unknown,2026-01-11,7,0,7,0,0,7,0,0
4111a6f3-4795-faaa-a909-d41f12b3b59d,Unknown,2026-01-11,1,0,1,0,0,1,0,0
84fd6b25-b55c-ae4d-4098-b607983fdcc8,SharePointSearchSource,2026-01-11,2,0,2,0,0,2,0,0
27e807a7-26de-f724-f67b-accc6e390973,SharePointSearchSource,2026-01-11,20,0,20,0,0,20,0,0
65f50475-4310-c061-588a-0013c4281df5,SharePointSearchSource,2026-01-11,51,0,51,0,0,51,0,0
3c865379-30cb-9d34-5eac-a4862310bce4,SharePointSearchSource,2026-01-11,12,0,12,0,0,12,0,0
886be1cd-d374-b473-eb5e-5e44351e0f6c,Unknown,2026-01-11,4,0,4,0,0,4,0,0
886be1cd-d374-b473-eb5e-5e44351e0f6c,FileGroupKnowledgeSource,2026-01-11,8,0,8,0,0,8,0,0
53c7f1c6-a8e7-5cfb-6d23-34f30849e2b2,Unknown,2026-01-18,7,0,7,0,0,7,0,0
84fd6b25-b55c-ae4d-4098-b607983fdcc8,SharePointSearchSource,2026-01-18,2,0,2,0,0,2,0,0
b4928ea2-8bf7-54f7-514d-314a25040ca3,FederatedStructuredSearchSource,2026-01-18,1,0,1,0,0,1,0,0
578241a6-ff5e-ce63-21bc-18fd3b399892,Unknown,2026-01-18,0,0,0,0,0,0,3,3
65f50475-4310-c061-588a-0013c4281df5,SharePointSearchSource,2026-01-18,25,0,25,0,0,25,0,0
27e807a7-26de-f724-f67b-accc6e390973,SharePointSearchSource,2026-01-18,11,0,11,0,0,11,0,0
6f839a22-bcfd-8a3b-2e70-951c6674d89c,AzureAISearchSource,2026-01-18,20,0,20,0,0,20,0,0
3c865379-30cb-9d34-5eac-a4862310bce4,SharePointSearchSource,2026-01-18,3,0,3,0,0,3,0,0
2697718a-42c6-f250-aa5e-f0f8952c062b,SharePointSearchSource,2026-01-18,10,0,10,0,0,10,0,0
87393e81-7495-669f-21ae-593bef161fec,SharePointSearchSource,2026-01-18,3,0,3,0,1,2,0,0
33e839ea-074e-e138-16dc-4a867812860d,Unknown,2026-01-18,0,0,0,0,0,0,7,7
87393e81-7495-669f-21ae-593bef161fec,Unknown,2026-01-18,1,0,1,0,0,1,0,0
75d4fa33-7033-c6f5-b27f-5e9c678920f2,SharePointSearchSource,2026-01-18,15,0,15,0,0,15,0,0
33e839ea-074e-e138-16dc-4a867812860d,Unknown,2026-01-25,0,0,0,0,0,0,3,3
87393e81-7495-669f-21ae-593bef161fec,SharePointSearchSource,2026-01-25,15,0,15,0,0,15,0,0
8785182c-24d6-7f79-5dc9-9ac9fd249562,FederatedStructuredSearchSource,2026-01-25,1,0,1,0,0,1,0,0
8785182c-24d6-7f79-5dc9-9ac9fd249562,SharePointSearchSource,2026-01-25,6,0,6,0,0,6,0,0
2697718a-42c6-f250-aa5e-f0f8952c062b,SharePointSearchSource,2026-01-25,21,0,21,0,0,21,0,0
d016454a-df0f-bde2-ca7b-966e23c4bd35,SharePointSearchSource,2026-01-25,1,0,1,0,0,1,0,0
3baf12a4-9501-a528-b314-c920811a3df0,Unknown,2026-01-25,3,0,3,0,0,3,0,0
3baf12a4-9501-a528-b314-c920811a3df0,SharePointSearchSource,2026-01-25,1,0,1,0,0,1,0,0
6f839a22-bcfd-8a3b-2e70-951c6674d89c,AzureAISearchSource,2026-01-25,25,0,25,0,0,25,0,0
53c7f1c6-a8e7-5cfb-6d23-34f30849e2b2,Unknown,2026-01-25,7,0,7,0,0,7,0,0
3c865379-30cb-9d34-5eac-a4862310bce4,SharePointSearchSource,2026-01-25,2,0,2,0,0,2,0,0
27e807a7-26de-f724-f67b-accc6e390973,SharePointSearchSource,2026-01-25,7,0,7,0,0,7,0,0
65f50475-4310-c061-588a-0013c4281df5,SharePointSearchSource,2026-01-25,24,0,24,0,0,24,0,0
27e807a7-26de-f724-f67b-accc6e390973,SharePointSearchSource,2026-02-01,4,0,4,0,0,4,0,0
c7f55dbb-2320-dd06-d650-1ff541f9a0a9,SharePointSearchSource,2026-02-01,3,0,3,0,0,3,0,0
65f50475-4310-c061-588a-0013c4281df5,SharePointSearchSource,2026-02-01,29,1,28,0,0,28,0,0
defb5cbe-823d-63d1-3cfd-be08db1961c8,Unknown,2026-02-01,12,0,12,0,0,12,0,0
c7f55dbb-2320-dd06-d650-1ff541f9a0a9,Unknown,2026-02-01,14,0,14,0,0,14,0,0
4111a6f3-4795-faaa-a909-d41f12b3b59d,Unknown,2026-02-01,4,0,4,0,0,4,0,0
75d4fa33-7033-c6f5-b27f-5e9c678920f2,SharePointSearchSource,2026-02-01,15,0,15,0,0,15,0,0
3baf12a4-9501-a528-b314-c920811a3df0,Unknown,2026-02-01,17,0,17,0,0,17,0,0
3baf12a4-9501-a528-b314-c920811a3df0,SharePointSearchSource,2026-02-01,7,0,7,0,0,7,0,0
8785182c-24d6-7f79-5dc9-9ac9fd249562,SharePointSearchSource,2026-02-01,2,0,2,0,0,2,0,0
2697718a-42c6-f250-aa5e-f0f8952c062b,SharePointSearchSource,2026-02-01,14,0,14,0,0,14,0,0
eab7fde5-92c9-7ca3-00d8-38484a076bb4,FederatedStructuredSearchSource,2026-02-01,10,0,10,0,0,10,0,0
33e839ea-074e-e138-16dc-4a867812860d,Unknown,2026-02-01,0,0,0,0,0,0,3,3
87393e81-7495-669f-21ae-593bef161fec,SharePointSearchSource,2026-02-01,4,0,4,0,0,4,0,0
8785182c-24d6-7f79-5dc9-9ac9fd249562,FederatedStructuredSearchSource,2026-02-01,2,0,2,0,0,2,0,0
5552737a-8fac-ec4c-5390-c6dcaedffc62,SharePointSearchSource,2026-02-08,1,0,1,0,0,1,0,0
3baf12a4-9501-a528-b314-c920811a3df0,SharePointSearchSource,2026-02-08,1,0,1,0,0,1,0,0
3baf12a4-9501-a528-b314-c920811a3df0,Unknown,2026-02-08,1,0,1,0,0,1,0,0
66a8e0a3-0107-05c0-255b-694508dc133f,SharePointSearchSource,2026-02-08,4,0,4,0,0,4,0,0
d016454a-df0f-bde2-ca7b-966e23c4bd35,SharePointSearchSource,2026-02-08,2,0,2,0,0,2,0,0
75d4fa33-7033-c6f5-b27f-5e9c678920f2,SharePointSearchSource,2026-02-08,1,0,1,0,0,1,0,0
87393e81-7495-669f-21ae-593bef161fec,SharePointSearchSource,2026-02-08,20,0,20,0,0,20,0,0
33e839ea-074e-e138-16dc-4a867812860d,Unknown,2026-02-08,0,0,0,0,0,0,4,4
0c365306-a082-7a05-e57c-e197d23fca15,SharePointSearchSource,2026-02-08,9,0,9,0,0,9,0,0
2697718a-42c6-f250-aa5e-f0f8952c062b,SharePointSearchSource,2026-02-08,29,0,29,0,0,29,0,0
8785182c-24d6-7f79-5dc9-9ac9fd249562,SharePointSearchSource,2026-02-08,6,1,5,0,0,5,0,0
65f50475-4310-c061-588a-0013c4281df5,SharePointSearchSource,2026-02-08,22,0,22,0,0,22,0,0
b4489e50-c2c0-afe9-c2c4-91f48db290c6,SharePointSearchSource,2026-02-08,1,0,1,1,0,0,0,0
27e807a7-26de-f724-f67b-accc6e390973,SharePointSearchSource,2026-02-08,11,0,11,0,0,11,0,0
4111a6f3-4795-faaa-a909-d41f12b3b59d,Unknown,2026-02-08,2,0,2,0,0,2,0,0
defb5cbe-823d-63d1-3cfd-be08db1961c8,SharePointSearchSource,2026-02-08,1,0,1,0,0,1,0,0
c7f55dbb-2320-dd06-d650-1ff541f9a0a9,SharePointSearchSource,2026-02-15,1,0,1,0,0,1,0,0
27e807a7-26de-f724-f67b-accc6e390973,SharePointSearchSource,2026-02-15,3,0,3,0,0,3,0,0
22c60af1-7353-6a92-4e50-18d2e056c738,Unknown,2026-02-15,7,0,7,0,0,7,0,0
3e51e456-f420-c291-9ea0-2b09a1b4c492,SharePointSearchSource,2026-02-15,6,0,6,0,0,6,0,0
65f50475-4310-c061-588a-0013c4281df5,SharePointSearchSource,2026-02-15,19,0,19,0,0,19,0,0
e4e7d32c-41d8-8ae5-4855-4a93e111daa6,Unknown,2026-02-15,3,0,3,0,0,3,0,0
65ade57c-ab2d-f32c-6d04-ca4362bcd111,SharePointSearchSource,2026-02-15,6,0,6,0,0,6,0,0
563f71c5-1148-b938-3c8e-ce179379137d,SharePointSearchSource,2026-02-15,70,0,70,0,7,63,0,0
0c365306-a082-7a05-e57c-e197d23fca15,Unknown,2026-02-15,2,0,2,0,0,2,0,0
c7f55dbb-2320-dd06-d650-1ff541f9a0a9,Unknown,2026-02-15,9,0,9,0,0,9,0,0
e4e7d32c-41d8-8ae5-4855-4a93e111daa6,FederatedStructuredSearchSource,2026-02-15,28,0,28,4,0,24,0,0
d016454a-df0f-bde2-ca7b-966e23c4bd35,Unknown,2026-02-15,14,0,14,8,0,6,0,0
9cd1c429-fd64-bef9-7d43-ef9b389c23bb,Unknown,2026-02-15,4,0,4,2,0,2,0,0
75d4fa33-7033-c6f5-b27f-5e9c678920f2,SharePointSearchSource,2026-02-15,18,0,18,0,0,18,0,0
d016454a-df0f-bde2-ca7b-966e23c4bd35,SharePointSearchSource,2026-02-15,75,0,75,8,0,67,0,0
be46af07-7683-9d65-b775-6587f2749483,FederatedStructuredSearchSource,2026-02-15,3,0,3,0,0,3,0,0
3baf12a4-9501-a528-b314-c920811a3df0,SharePointSearchSource,2026-02-15,10,0,10,0,0,10,0,0
97e0c126-373b-af1e-56cd-788ede4eb630,Unknown,2026-02-15,1,0,1,0,0,1,0,0
66a8e0a3-0107-05c0-255b-694508dc133f,SharePointSearchSource,2026-02-15,76,0,76,0,0,76,0,0
3baf12a4-9501-a528-b314-c920811a3df0,Unknown,2026-02-15,17,0,17,0,0,17,0,0
5552737a-8fac-ec4c-5390-c6dcaedffc62,SharePointSearchSource,2026-02-15,4,0,4,0,0,4,0,0
bcd21dab-3bfd-5f03-fb50-cf74af726d7a,SharePointSearchSource,2026-02-15,6,0,6,0,0,6,0,0
d02b8615-c9b2-83e9-6872-5b8a58a38c4c,Unknown,2026-02-15,116,0,116,0,0,116,0,0
6f9b0017-2771-4be0-83b2-b6f7f79e7f2f,FederatedStructuredSearchSource,2026-02-15,4,0,4,0,0,4,0,0
6f839a22-bcfd-8a3b-2e70-951c6674d89c,AzureAISearchSource,2026-02-15,7,0,7,0,0,7,0,0
563f71c5-1148-b938-3c8e-ce179379137d,Unknown,2026-02-15,189,0,189,0,13,176,0,0
8785182c-24d6-7f79-5dc9-9ac9fd249562,SharePointSearchSource,2026-02-15,1,0,1,0,0,1,0,0
be46af07-7683-9d65-b775-6587f2749483,SharePointSearchSource,2026-02-15,3,0,3,0,0,3,0,0
2697718a-42c6-f250-aa5e-f0f8952c062b,SharePointSearchSource,2026-02-15,7,0,7,0,0,7,0,0
d02b8615-c9b2-83e9-6872-5b8a58a38c4c,SharePointSearchSource,2026-02-15,46,0,46,0,0,46,0,0
eab7fde5-92c9-7ca3-00d8-38484a076bb4,FederatedStructuredSearchSource,2026-02-15,8,0,8,0,1,7,0,0
f13ff83d-6efb-2358-1be9-2c3d123c3530,SharePointSearchSource,2026-02-15,23,0,23,0,0,23,0,0
0c365306-a082-7a05-e57c-e197d23fca15,SharePointSearchSource,2026-02-15,16,0,16,0,0,16,0,0
33e839ea-074e-e138-16dc-4a867812860d,Unknown,2026-02-15,0,0,0,0,0,0,4,4
87393e81-7495-669f-21ae-593bef161fec,SharePointSearchSource,2026-02-15,5,0,5,0,1,4,0,0
8785182c-24d6-7f79-5dc9-9ac9fd249562,FederatedStructuredSearchSource,2026-02-15,12,0,12,0,0,12,0,0
e4e7d32c-41d8-8ae5-4855-4a93e111daa6,SharePointSearchSource,2026-02-15,3,0,3,0,0,3,0,0
aafe92e4-b32d-77f4-09ef-1d131aa5787e,SharePointSearchSource,2026-02-22,4,0,4,0,0,4,0,0
d188015f-7a62-4b41-8595-8708416a1a9d,SharePointSearchSource,2026-02-22,2,0,2,0,0,2,0,0
1ab3ddec-7259-fae5-056b-65fb99d65601,SharePointSearchSource,2026-02-22,3,0,3,0,0,3,0,0
66a8e0a3-0107-05c0-255b-694508dc133f,SharePointSearchSource,2026-02-22,45,0,45,0,0,45,0,0
3baf12a4-9501-a528-b314-c920811a3df0,Unknown,2026-02-22,5,0,5,0,0,5,0,0
3baf12a4-9501-a528-b314-c920811a3df0,SharePointSearchSource,2026-02-22,3,0,3,0,0,3,0,0
be46af07-7683-9d65-b775-6587f2749483,FederatedStructuredSearchSource,2026-02-22,3,0,3,0,0,3,0,0
d016454a-df0f-bde2-ca7b-966e23c4bd35,SharePointSearchSource,2026-02-22,18,0,18,7,0,11,0,0
75d4fa33-7033-c6f5-b27f-5e9c678920f2,SharePointSearchSource,2026-02-22,2,0,2,0,0,2,0,0
87393e81-7495-669f-21ae-593bef161fec,SharePointSearchSource,2026-02-22,11,0,11,0,5,6,0,0
33e839ea-074e-e138-16dc-4a867812860d,Unknown,2026-02-22,0,0,0,0,0,0,4,4
87393e81-7495-669f-21ae-593bef161fec,Unknown,2026-02-22,1,0,1,0,0,1,0,0
f13ff83d-6efb-2358-1be9-2c3d123c3530,SharePointSearchSource,2026-02-22,1,0,1,0,0,1,0,0
0c365306-a082-7a05-e57c-e197d23fca15,SharePointSearchSource,2026-02-22,16,0,16,0,0,16,0,0
3df4e0f1-704f-5af7-e497-40652c5ca068,SharePointSearchSource,2026-02-22,15,0,15,0,0,15,0,0
2697718a-42c6-f250-aa5e-f0f8952c062b,SharePointSearchSource,2026-02-22,15,0,15,0,0,15,0,0
be46af07-7683-9d65-b775-6587f2749483,SharePointSearchSource,2026-02-22,3,0,3,0,0,3,0,0
d02b8615-c9b2-83e9-6872-5b8a58a38c4c,SharePointSearchSource,2026-02-22,52,0,52,0,0,52,0,0
8785182c-24d6-7f79-5dc9-9ac9fd249562,SharePointSearchSource,2026-02-22,2,2,0,0,0,0,0,0
563f71c5-1148-b938-3c8e-ce179379137d,Unknown,2026-02-22,6,0,6,0,0,6,0,0
7ae41312-0222-e237-b333-d58b2fa829fb,Unknown,2026-02-22,3,0,3,0,0,3,0,0
563f71c5-1148-b938-3c8e-ce179379137d,SharePointSearchSource,2026-02-22,5,0,5,0,0,5,0,0
ceede420-8909-11dc-8679-f8de582f2516,SharePointSearchSource,2026-02-22,1,0,1,0,0,1,0,0
65ade57c-ab2d-f32c-6d04-ca4362bcd111,SharePointSearchSource,2026-02-22,21,0,21,0,0,21,0,0
f13ff83d-6efb-2358-1be9-2c3d123c3530,FederatedStructuredSearchSource,2026-02-22,1,0,1,0,0,1,0,0
65f50475-4310-c061-588a-0013c4281df5,SharePointSearchSource,2026-02-22,24,0,24,0,0,24,0,0
3e51e456-f420-c291-9ea0-2b09a1b4c492,SharePointSearchSource,2026-02-22,4,0,4,0,0,4,0,0
22c60af1-7353-6a92-4e50-18d2e056c738,Unknown,2026-02-22,61,0,61,0,0,61,0,0
defb5cbe-823d-63d1-3cfd-be08db1961c8,SharePointSearchSource,2026-02-22,3,0,3,0,0,3,0,0
9cd1c429-fd64-bef9-7d43-ef9b389c23bb,Unknown,2026-02-22,1,0,1,1,0,0,0,0
d016454a-df0f-bde2-ca7b-966e23c4bd35,Unknown,2026-02-22,14,0,14,5,0,9,0,0
7ae41312-0222-e237-b333-d58b2fa829fb,SharePointSearchSource,2026-02-22,1,0,1,0,0,1,0,0
0c365306-a082-7a05-e57c-e197d23fca15,Unknown,2026-02-22,8,0,8,0,0,8,0,0
d016454a-df0f-bde2-ca7b-966e23c4bd35,FederatedStructuredSearchSource,2026-03-01,3,0,3,0,0,3,0,0
65ade57c-ab2d-f32c-6d04-ca4362bcd111,SharePointSearchSource,2026-03-01,35,0,35,0,0,35,0,0
ceede420-8909-11dc-8679-f8de582f2516,SharePointSearchSource,2026-03-01,2,0,2,0,0,2,0,0
5c9da47b-7582-4247-b70c-b522a68412f3,Unknown,2026-03-01,1,0,1,0,0,1,0,0
ceede420-8909-11dc-8679-f8de582f2516,FederatedStructuredSearchSource,2026-03-01,4,0,4,0,0,4,0,0
c7f55dbb-2320-dd06-d650-1ff541f9a0a9,SharePointSearchSource,2026-03-01,1,0,1,0,0,1,0,0
118296c7-d829-9f53-077b-1a1c1d0710fe,SharePointSearchSource,2026-03-01,10,0,10,0,0,10,0,0
65f50475-4310-c061-588a-0013c4281df5,SharePointSearchSource,2026-03-01,25,0,25,0,0,25,0,0
c7f55dbb-2320-dd06-d650-1ff541f9a0a9,Unknown,2026-03-01,6,0,6,0,0,6,0,0
0c365306-a082-7a05-e57c-e197d23fca15,Unknown,2026-03-01,8,0,8,0,0,8,0,0
5cd1588b-b6ac-c38f-cc0b-b963910d377b,Unknown,2026-03-01,22,0,22,0,0,22,0,0
aafe92e4-b32d-77f4-09ef-1d131aa5787e,DataverseStructuredSearchSource,2026-03-01,3,0,3,0,0,3,0,0
6f839a22-bcfd-8a3b-2e70-951c6674d89c,AzureAISearchSource,2026-03-01,4,0,4,0,0,4,0,0
1668842b-c681-5d4f-96da-204528f82c27,SharePointSearchSource,2026-03-01,2,0,2,0,0,2,0,0
034a44d2-7805-0e84-b7d4-4dcb7f0f244d,SharePointSearchSource,2026-03-01,27,0,27,0,0,27,0,0
1ab3ddec-7259-fae5-056b-65fb99d65601,SharePointSearchSource,2026-03-01,2,0,2,0,0,2,0,0
23fd8312-38e1-d7b8-50c7-0237873eb3c5,Unknown,2026-03-01,3,0,3,0,0,3,0,0
d188015f-7a62-4b41-8595-8708416a1a9d,SharePointSearchSource,2026-03-01,10,0,10,0,0,10,0,0
1668842b-c681-5d4f-96da-204528f82c27,FederatedStructuredSearchSource,2026-03-01,3,0,3,0,0,3,0,0
d016454a-df0f-bde2-ca7b-966e23c4bd35,SharePointSearchSource,2026-03-01,3,0,3,0,0,3,0,0
75d4fa33-7033-c6f5-b27f-5e9c678920f2,SharePointSearchSource,2026-03-01,10,0,10,0,0,10,0,0
66a8e0a3-0107-05c0-255b-694508dc133f,SharePointSearchSource,2026-03-01,9,0,9,0,0,9,0,0
7e6c05b3-257f-1244-b073-3774075e92a7,Unknown,2026-03-01,38,0,38,0,0,38,0,0
7b68615a-bd7e-8314-b571-8b3a3970c6e7,SharePointSearchSource,2026-03-01,10,0,10,0,0,10,0,0
0c365306-a082-7a05-e57c-e197d23fca15,SharePointSearchSource,2026-03-01,16,0,16,0,0,16,0,0
3df4e0f1-704f-5af7-e497-40652c5ca068,SharePointSearchSource,2026-03-01,113,0,113,0,0,113,0,0
0549e30b-2342-f996-5b50-07c8baec82d3,Unknown,2026-03-01,24,0,24,0,0,24,0,0
8785182c-24d6-7f79-5dc9-9ac9fd249562,FederatedStructuredSearchSource,2026-03-01,2,0,2,0,0,2,0,0
87393e81-7495-669f-21ae-593bef161fec,SharePointSearchSource,2026-03-01,21,0,21,0,4,17,0,0
cd3fb6c1-e656-d32a-360a-43bb466c6ce3,SharePointSearchSource,2026-03-01,47,6,41,7,11,23,0,0
33e839ea-074e-e138-16dc-4a867812860d,Unknown,2026-03-01,0,0,0,0,0,0,4,4
87393e81-7495-669f-21ae-593bef161fec,Unknown,2026-03-01,2,0,2,0,0,2,0,0
7b68615a-bd7e-8314-b571-8b3a3970c6e7,FederatedStructuredSearchSource,2026-03-01,5,0,5,0,0,5,0,0
6e9a34df-277e-6c85-b9c2-a6d2157d7157,Unknown,2026-03-01,1,0,1,0,0,1,0,0
2697718a-42c6-f250-aa5e-f0f8952c062b,SharePointSearchSource,2026-03-01,5,0,5,0,0,5,0,0
d02b8615-c9b2-83e9-6872-5b8a58a38c4c,SharePointSearchSource,2026-03-01,9,0,9,0,0,9,0,0
169d23ee-46b6-6035-1181-5a8f971e97d7,SharePointSearchSource,2026-03-08,2,0,2,0,0,2,0,0
d016454a-df0f-bde2-ca7b-966e23c4bd35,SharePointSearchSource,2026-03-08,4,0,4,0,0,4,0,0
169d23ee-46b6-6035-1181-5a8f971e97d7,Unknown,2026-03-08,17,10,7,0,0,7,0,0
1668842b-c681-5d4f-96da-204528f82c27,FederatedStructuredSearchSource,2026-03-08,1,0,1,0,0,1,0,0
11c98121-b090-86f2-e35e-095856ee3c17,Unknown,2026-03-08,0,0,0,0,0,0,17,17
a7f32d9d-7ed5-e83b-e100-04b87adeabcd,FederatedStructuredSearchSource,2026-03-08,1,0,1,1,0,0,0,0
23fd8312-38e1-d7b8-50c7-0237873eb3c5,Unknown,2026-03-08,81,0,81,0,0,81,0,0
1ab3ddec-7259-fae5-056b-65fb99d65601,SharePointSearchSource,2026-03-08,1,0,1,0,0,1,0,0
034a44d2-7805-0e84-b7d4-4dcb7f0f244d,SharePointSearchSource,2026-03-08,1,0,1,0,0,1,0,0
6e658adc-fd2c-5e2d-4c87-36c2c1cb51c4,Unknown,2026-03-08,6,6,0,0,0,0,0,0
f0d0a9bd-433c-deeb-63e8-4a4c455202fa,AzureAISearchSource,2026-03-08,24,0,24,0,0,24,0,0
2697718a-42c6-f250-aa5e-f0f8952c062b,SharePointSearchSource,2026-03-08,4,0,4,0,0,4,0,0
d02b8615-c9b2-83e9-6872-5b8a58a38c4c,SharePointSearchSource,2026-03-08,23,0,23,0,0,23,0,0
6e9a34df-277e-6c85-b9c2-a6d2157d7157,Unknown,2026-03-08,5,0,5,0,0,5,0,0
aafe92e4-b32d-77f4-09ef-1d131aa5787e,Unknown,2026-03-08,12,4,8,0,0,8,0,0
7b68615a-bd7e-8314-b571-8b3a3970c6e7,FederatedStructuredSearchSource,2026-03-08,4,0,4,0,0,4,0,0
33e839ea-074e-e138-16dc-4a867812860d,Unknown,2026-03-08,0,0,0,0,0,0,4,4
cd3fb6c1-e656-d32a-360a-43bb466c6ce3,SharePointSearchSource,2026-03-08,9,0,9,0,7,2,0,0
87393e81-7495-669f-21ae-593bef161fec,Unknown,2026-03-08,1,0,1,0,0,1,0,0
87393e81-7495-669f-21ae-593bef161fec,SharePointSearchSource,2026-03-08,21,0,21,0,5,16,0,0
8785182c-24d6-7f79-5dc9-9ac9fd249562,FederatedStructuredSearchSource,2026-03-08,1,0,1,0,0,1,0,0
0c365306-a082-7a05-e57c-e197d23fca15,SharePointSearchSource,2026-03-08,6,0,6,0,0,6,0,0
7b68615a-bd7e-8314-b571-8b3a3970c6e7,SharePointSearchSource,2026-03-08,97,14,83,4,0,79,0,0
65f50475-4310-c061-588a-0013c4281df5,SharePointSearchSource,2026-03-08,13,0,13,0,0,13,0,0
6f839a22-bcfd-8a3b-2e70-951c6674d89c,AzureAISearchSource,2026-03-08,5,0,5,0,0,5,0,0
c85d177c-5bec-d970-6162-875a6fdd1cae,Unknown,2026-03-08,2,0,2,0,0,2,0,0
23fd8312-38e1-d7b8-50c7-0237873eb3c5,FileGroupKnowledgeSource,2026-03-08,4,0,4,0,0,4,0,0
779187a7-f95a-462b-88e2-3c2affe30386,FederatedStructuredSearchSource,2026-03-08,7,0,7,0,0,7,0,0
aafe92e4-b32d-77f4-09ef-1d131aa5787e,PublicSiteSearchSource,2026-03-08,9,3,6,0,0,6,0,0
65ade57c-ab2d-f32c-6d04-ca4362bcd111,SharePointSearchSource,2026-03-08,18,0,18,0,0,18,0,0
d016454a-df0f-bde2-ca7b-966e23c4bd35,FederatedStructuredSearchSource,2026-03-08,3,0,3,0,0,3,0,0
aafe92e4-b32d-77f4-09ef-1d131aa5787e,DataverseStructuredSearchSource,2026-03-08,9,3,6,0,0,6,0,0
169d23ee-46b6-6035-1181-5a8f971e97d7,FederatedStructuredSearchSource,2026-03-08,1,0,1,0,0,1,0,0
6e9a34df-277e-6c85-b9c2-a6d2157d7157,FileGroupKnowledgeSource,2026-03-08,2,0,2,0,0,2,0,0
169d23ee-46b6-6035-1181-5a8f971e97d7,FileGroupKnowledgeSource,2026-03-08,2,0,2,0,0,2,0,0
0c365306-a082-7a05-e57c-e197d23fca15,Unknown,2026-03-08,3,0,3,0,0,3,0,0
2ad6c899-c22b-8477-5480-cba533a9b97a,FederatedStructuredSearchSource,2026-03-08,3,0,3,0,0,3,0,0
f1f1cf16-d325-a148-a234-5d56c18758ae,SharePointSearchSource,2026-03-15,14,0,14,0,0,14,0,0
e2e9b9bf-687b-f74c-7d45-25f37498f19b,Unknown,2026-03-15,20,0,20,0,0,20,0,0
65f50475-4310-c061-588a-0013c4281df5,SharePointSearchSource,2026-03-15,16,0,16,0,0,16,0,0
7575e67d-37b7-3365-a733-5e041f4480ff,Unknown,2026-03-15,1,0,1,0,0,1,0,0
65ade57c-ab2d-f32c-6d04-ca4362bcd111,SharePointSearchSource,2026-03-15,34,0,34,0,0,34,0,0
e4cf2d10-ba29-5a61-46d6-73c2eb8aa7c7,FederatedStructuredSearchSource,2026-03-15,1,0,1,0,0,1,0,0
72a519ff-6d64-f497-ed4a-9e32137ef665,SharePointSearchSource,2026-03-15,24,0,24,0,0,24,0,0
f0d0a9bd-433c-deeb-63e8-4a4c455202fa,AzureAISearchSource,2026-03-15,128,120,8,0,0,8,0,0
779187a7-f95a-462b-88e2-3c2affe30386,FederatedStructuredSearchSource,2026-03-15,13,0,13,0,0,13,0,0
b1c8fde5-b9e3-717f-fb32-ad08179242df,SharePointSearchSource,2026-03-15,63,23,40,3,0,37,0,0
aafe92e4-b32d-77f4-09ef-1d131aa5787e,PublicSiteSearchSource,2026-03-15,7,0,7,0,0,7,0,0
169d23ee-46b6-6035-1181-5a8f971e97d7,FileGroupKnowledgeSource,2026-03-15,1,0,1,0,0,1,0,0
3dea74d6-6253-e63b-6a41-e1eba6cb4cda,SharePointSearchSource,2026-03-15,30,0,30,0,0,30,0,0
aafe92e4-b32d-77f4-09ef-1d131aa5787e,FederatedStructuredSearchSource,2026-03-15,2,0,2,0,0,2,0,0
169d23ee-46b6-6035-1181-5a8f971e97d7,FederatedStructuredSearchSource,2026-03-15,2,0,2,0,0,2,0,0
aafe92e4-b32d-77f4-09ef-1d131aa5787e,DataverseStructuredSearchSource,2026-03-15,21,0,21,0,0,21,0,0
84fd6b25-b55c-ae4d-4098-b607983fdcc8,SharePointSearchSource,2026-03-15,1,0,1,0,0,1,0,0
0cc128b8-60e7-2d86-1000-8ed0ab803cc1,SharePointSearchSource,2026-03-15,12,12,0,0,0,0,0,0
2ad6c899-c22b-8477-5480-cba533a9b97a,FederatedStructuredSearchSource,2026-03-15,11,0,11,0,0,11,0,0
169d23ee-46b6-6035-1181-5a8f971e97d7,Unknown,2026-03-15,5,0,5,0,0,5,0,0
169d23ee-46b6-6035-1181-5a8f971e97d7,SharePointSearchSource,2026-03-15,3,0,3,0,0,3,0,0
a8f60b92-9fd3-af9a-cb79-b096dfc8485b,SharePointSearchSource,2026-03-15,1,0,1,0,0,1,0,0
aafe92e4-b32d-77f4-09ef-1d131aa5787e,Unknown,2026-03-15,9,0,9,0,0,9,0,0
b7bdbd90-2944-3789-b262-645c86df4d6a,SharePointSearchSource,2026-03-15,19,0,19,0,11,8,0,0
3dea74d6-6253-e63b-6a41-e1eba6cb4cda,Unknown,2026-03-15,23,0,23,0,0,23,0,0
7b68615a-bd7e-8314-b571-8b3a3970c6e7,SharePointSearchSource,2026-03-15,141,0,141,6,0,135,0,0
7b68615a-bd7e-8314-b571-8b3a3970c6e7,FederatedStructuredSearchSource,2026-03-15,25,0,25,3,0,22,0,0
e2e9b9bf-687b-f74c-7d45-25f37498f19b,SharePointSearchSource,2026-03-15,20,0,20,0,0,20,0,0
87393e81-7495-669f-21ae-593bef161fec,SharePointSearchSource,2026-03-15,28,0,28,0,24,4,0,0
33e839ea-074e-e138-16dc-4a867812860d,Unknown,2026-03-15,0,0,0,0,0,0,3,3
87393e81-7495-669f-21ae-593bef161fec,Unknown,2026-03-15,1,0,1,0,0,1,0,0
6f839a22-bcfd-8a3b-2e70-951c6674d89c,AzureAISearchSource,2026-03-15,2,0,2,0,0,2,0,0
aafe92e4-b32d-77f4-09ef-1d131aa5787e,SharePointSearchSource,2026-03-22,1,0,1,0,0,1,0,0
d19e3da9-341b-85b0-2815-36709f1edcbd,SharePointSearchSource,2026-03-22,2,0,2,0,0,2,0,0
169d23ee-46b6-6035-1181-5a8f971e97d7,Unknown,2026-03-22,11,0,11,0,0,11,0,0
66a8e0a3-0107-05c0-255b-694508dc133f,SharePointSearchSource,2026-03-22,11,0,11,0,0,11,0,0
169d23ee-46b6-6035-1181-5a8f971e97d7,SharePointSearchSource,2026-03-22,6,0,6,0,0,6,0,0
deffc94e-2085-a2d0-1ac6-37bf55b759c9,SharePointSearchSource,2026-03-22,2,0,2,0,2,0,0,0
7b68615a-bd7e-8314-b571-8b3a3970c6e7,SharePointSearchSource,2026-03-22,41,0,41,0,0,41,0,0
afb1588e-9ed5-93ba-b6b4-5b09178f28cb,Unknown,2026-03-22,3,0,3,0,0,3,0,0
7b68615a-bd7e-8314-b571-8b3a3970c6e7,FederatedStructuredSearchSource,2026-03-22,6,0,6,0,0,6,0,0
cd3fb6c1-e656-d32a-360a-43bb466c6ce3,SharePointSearchSource,2026-03-22,3,0,3,0,0,3,0,0
33e839ea-074e-e138-16dc-4a867812860d,Unknown,2026-03-22,0,0,0,0,0,0,1,1
87393e81-7495-669f-21ae-593bef161fec,Unknown,2026-03-22,2,0,2,0,0,2,0,0
87393e81-7495-669f-21ae-593bef161fec,SharePointSearchSource,2026-03-22,10,0,10,0,0,10,0,0
aafe92e4-b32d-77f4-09ef-1d131aa5787e,Unknown,2026-03-22,4,0,4,0,0,4,0,0
e4cf2d10-ba29-5a61-46d6-73c2eb8aa7c7,FederatedStructuredSearchSource,2026-03-22,9,0,9,0,0,9,0,0
65ade57c-ab2d-f32c-6d04-ca4362bcd111,SharePointSearchSource,2026-03-22,33,0,33,0,0,33,0,0
308b83d4-b963-0f10-c220-dacf9cd5f2ad,SharePointSearchSource,2026-03-22,5,0,5,0,0,5,0,0
aafe92e4-b32d-77f4-09ef-1d131aa5787e,PublicSiteSearchSource,2026-03-22,2,0,2,0,0,2,0,0
b1c8fde5-b9e3-717f-fb32-ad08179242df,SharePointSearchSource,2026-03-22,1,0,1,0,0,1,0,0
ceede420-8909-11dc-8679-f8de582f2516,SharePointSearchSource,2026-03-22,5,0,5,0,0,5,0,0
e4cf2d10-ba29-5a61-46d6-73c2eb8aa7c7,Unknown,2026-03-22,11,0,11,0,0,11,0,0
f1f1cf16-d325-a148-a234-5d56c18758ae,SharePointSearchSource,2026-03-22,10,0,10,0,0,10,0,0
ceede420-8909-11dc-8679-f8de582f2516,FederatedStructuredSearchSource,2026-03-22,4,0,4,0,0,4,0,0
24e9c651-bcda-9de2-12b7-3c8c14f58c28,FederatedStructuredSearchSource,2026-03-22,2,0,2,0,0,2,0,0
e26b260b-f880-b728-73c2-c40eaeb01b87,SharePointSearchSource,2026-03-22,3,0,3,0,0,3,0,0
65f50475-4310-c061-588a-0013c4281df5,SharePointSearchSource,2026-03-22,69,0,69,0,28,41,0,0
def46aa3-a5f8-bba0-cb4f-709330253b6d,SharePointSearchSource,2026-03-22,1,0,1,0,0,1,0,0
c7f55dbb-2320-dd06-d650-1ff541f9a0a9,Unknown,2026-03-22,2,0,2,0,0,2,0,0
defb5cbe-823d-63d1-3cfd-be08db1961c8,SharePointSearchSource,2026-03-22,1,0,1,0,0,1,0,0
2ad6c899-c22b-8477-5480-cba533a9b97a,FederatedStructuredSearchSource,2026-03-22,8,0,8,0,0,8,0,0
f0d0a9bd-433c-deeb-63e8-4a4c455202fa,AzureAISearchSource,2026-03-22,13,0,13,0,0,13,0,0
5cd1588b-b6ac-c38f-cc0b-b963910d377b,Unknown,2026-03-22,4,0,4,0,0,4,0,0
169d23ee-46b6-6035-1181-5a8f971e97d7,FileGroupKnowledgeSource,2026-03-22,4,0,4,0,0,4,0,0
aafe92e4-b32d-77f4-09ef-1d131aa5787e,FederatedStructuredSearchSource,2026-03-22,1,0,1,0,0,1,0,0
aafe92e4-b32d-77f4-09ef-1d131aa5787e,DataverseStructuredSearchSource,2026-03-22,3,0,3,0,0,3,0,0
169d23ee-46b6-6035-1181-5a8f971e97d7,FederatedStructuredSearchSource,2026-03-22,7,0,7,0,0,7,0,0
e26b260b-f880-b728-73c2-c40eaeb01b87,SharePointSearchSource,2026-03-29,38,3,35,0,0,35,0,0
65f50475-4310-c061-588a-0013c4281df5,SharePointSearchSource,2026-03-29,6,0,6,0,0,6,0,0
ceede420-8909-11dc-8679-f8de582f2516,FederatedStructuredSearchSource,2026-03-29,4,0,4,0,0,4,0,0
ceede420-8909-11dc-8679-f8de582f2516,SharePointSearchSource,2026-03-29,3,0,3,0,0,3,0,0
169d23ee-46b6-6035-1181-5a8f971e97d7,FederatedStructuredSearchSource,2026-03-29,1,0,1,0,0,1,0,0
c2549aa3-c5ed-3cd6-1c07-aecddf125dc0,SharePointSearchSource,2026-03-29,2,0,2,0,0,2,0,0
5cd1588b-b6ac-c38f-cc0b-b963910d377b,Unknown,2026-03-29,4,0,4,0,0,4,0,0
0cc128b8-60e7-2d86-1000-8ed0ab803cc1,SharePointSearchSource,2026-03-29,12,0,12,0,0,12,0,0
88df5d78-2875-0e48-4f24-7e5887fa7ccb,SharePointSearchSource,2026-03-29,9,0,9,0,0,9,0,0
2ad6c899-c22b-8477-5480-cba533a9b97a,FederatedStructuredSearchSource,2026-03-29,9,0,9,0,0,9,0,0
def46aa3-a5f8-bba0-cb4f-709330253b6d,SharePointSearchSource,2026-03-29,2,0,2,0,0,2,0,0
c7f55dbb-2320-dd06-d650-1ff541f9a0a9,Unknown,2026-03-29,1,0,1,0,0,1,0,0
66a8e0a3-0107-05c0-255b-694508dc133f,SharePointSearchSource,2026-03-29,1,0,1,0,0,1,0,0
169d23ee-46b6-6035-1181-5a8f971e97d7,SharePointSearchSource,2026-03-29,6,0,6,0,0,6,0,0
169d23ee-46b6-6035-1181-5a8f971e97d7,Unknown,2026-03-29,7,0,7,0,0,7,0,0
432b3a6d-168a-a766-89d8-ef47a9c99084,Unknown,2026-03-29,8,0,8,0,0,8,0,0
1ab3ddec-7259-fae5-056b-65fb99d65601,SharePointSearchSource,2026-03-29,2,0,2,0,0,2,0,0
e27f4b6e-0562-e870-949f-19205bbb1063,SharePointSearchSource,2026-03-29,3,1,2,0,0,2,0,0
afb1588e-9ed5-93ba-b6b4-5b09178f28cb,Unknown,2026-03-29,1,0,1,0,0,1,0,0
630af2ca-f154-7cc9-2f4a-2b77f7e7876a,SharePointSearchSource,2026-03-29,25,0,25,17,0,8,0,0
87393e81-7495-669f-21ae-593bef161fec,Unknown,2026-03-29,1,0,1,0,0,1,0,0
8785182c-24d6-7f79-5dc9-9ac9fd249562,FederatedStructuredSearchSource,2026-03-29,2,0,2,0,0,2,0,0
87393e81-7495-669f-21ae-593bef161fec,SharePointSearchSource,2026-03-29,13,0,13,0,0,13,0,0
8c50c8df-ee9c-c2c5-dcf5-44284d7cdef7,FederatedStructuredSearchSource,2026-03-29,2,0,2,0,0,2,0,0
8c50c8df-ee9c-c2c5-dcf5-44284d7cdef7,FederatedStructuredSearchSource,2026-04-05,2,0,2,0,0,2,0,0
630af2ca-f154-7cc9-2f4a-2b77f7e7876a,SharePointSearchSource,2026-04-05,14,0,14,1,0,13,0,0
afb1588e-9ed5-93ba-b6b4-5b09178f28cb,Unknown,2026-04-05,1,0,1,0,0,1,0,0
87393e81-7495-669f-21ae-593bef161fec,SharePointSearchSource,2026-04-05,11,0,11,0,1,10,0,0
87393e81-7495-669f-21ae-593bef161fec,Unknown,2026-04-05,1,0,1,0,0,1,0,0
563f71c5-1148-b938-3c8e-ce179379137d,Unknown,2026-04-05,1,0,1,0,0,1,0,0
8785182c-24d6-7f79-5dc9-9ac9fd249562,SharePointSearchSource,2026-04-05,1,0,1,0,0,1,0,0
5d219438-2d67-fe69-b834-7a0bda67d91f,SharePointSearchSource,2026-04-05,5,0,5,0,0,5,0,0
a7f32d9d-7ed5-e83b-e100-04b87adeabcd,FederatedStructuredSearchSource,2026-04-05,2,0,2,0,0,2,0,0
d016454a-df0f-bde2-ca7b-966e23c4bd35,SharePointSearchSource,2026-04-05,1,0,1,0,0,1,0,0
169d23ee-46b6-6035-1181-5a8f971e97d7,Unknown,2026-04-05,9,0,9,0,0,9,0,0
e3b3040b-61d1-528d-1f62-be2d0226553b,Unknown,2026-04-05,1,0,1,0,0,1,0,0
66a8e0a3-0107-05c0-255b-694508dc133f,SharePointSearchSource,2026-04-05,4,0,4,0,0,4,0,0
169d23ee-46b6-6035-1181-5a8f971e97d7,SharePointSearchSource,2026-04-05,6,0,6,0,0,6,0,0
def46aa3-a5f8-bba0-cb4f-709330253b6d,SharePointSearchSource,2026-04-05,6,0,6,0,0,6,0,0
c7f55dbb-2320-dd06-d650-1ff541f9a0a9,Unknown,2026-04-05,2,0,2,0,0,2,0,0
2ad6c899-c22b-8477-5480-cba533a9b97a,FederatedStructuredSearchSource,2026-04-05,7,0,7,0,0,7,0,0
169d23ee-46b6-6035-1181-5a8f971e97d7,FederatedStructuredSearchSource,2026-04-05,3,0,3,0,0,3,0,0
65ade57c-ab2d-f32c-6d04-ca4362bcd111,SharePointSearchSource,2026-04-05,28,0,28,0,0,28,0,0
4b72fa70-506f-feb1-ddd6-fbbe3f261865,FederatedStructuredSearchSource,2026-04-05,1,0,1,0,0,1,0,0
563f71c5-1148-b938-3c8e-ce179379137d,SharePointSearchSource,2026-04-05,3,0,3,0,0,3,0,0
f0d0a9bd-433c-deeb-63e8-4a4c455202fa,AzureAISearchSource,2026-04-05,4,0,4,0,0,4,0,0
f1f1cf16-d325-a148-a234-5d56c18758ae,SharePointSearchSource,2026-04-05,3,0,3,0,0,3,0,0
9344ef2c-794f-9d19-fbdb-006868a10afc,Unknown,2026-04-05,5,0,5,0,0,5,0,0
e26b260b-f880-b728-73c2-c40eaeb01b87,SharePointSearchSource,2026-04-05,59,16,43,3,0,40,0,0
65f50475-4310-c061-588a-0013c4281df5,SharePointSearchSource,2026-04-05,9,0,9,0,0,9,0,0
ce2d34f5-959c-32c2-14d7-cb80d1052b83,Unknown,2026-04-12,3,0,3,0,0,3,0,0
169d23ee-46b6-6035-1181-5a8f971e97d7,FileGroupKnowledgeSource,2026-04-12,3,0,3,0,0,3,0,0
169d23ee-46b6-6035-1181-5a8f971e97d7,FederatedStructuredSearchSource,2026-04-12,8,0,8,0,0,8,0,0
c7f55dbb-2320-dd06-d650-1ff541f9a0a9,Unknown,2026-04-12,4,0,4,4,0,0,0,0
def46aa3-a5f8-bba0-cb4f-709330253b6d,SharePointSearchSource,2026-04-12,6,0,6,6,0,0,0,0
2ad6c899-c22b-8477-5480-cba533a9b97a,FederatedStructuredSearchSource,2026-04-12,4,0,4,4,0,0,0,0
84fd6b25-b55c-ae4d-4098-b607983fdcc8,SharePointSearchSource,2026-04-12,2,0,2,2,0,0,0,0
22c60af1-7353-6a92-4e50-18d2e056c738,Unknown,2026-04-12,2,0,2,0,0,2,0,0
9344ef2c-794f-9d19-fbdb-006868a10afc,Unknown,2026-04-12,29,16,13,13,0,0,0,0
e3b3040b-61d1-528d-1f62-be2d0226553b,SharePointSearchSource,2026-04-12,2,0,2,2,0,0,0,0
65f50475-4310-c061-588a-0013c4281df5,SharePointSearchSource,2026-04-12,12,0,12,0,0,12,0,0
e08ef7fb-23eb-29be-aa79-cc41e2b2c689,SharePointSearchSource,2026-04-12,2,0,2,2,0,0,0,0
ce2d34f5-959c-32c2-14d7-cb80d1052b83,PublicSiteSearchSource,2026-04-12,3,0,3,0,0,3,0,0
886be1cd-d374-b473-eb5e-5e44351e0f6c,Unknown,2026-04-12,1,0,1,1,0,0,0,0
65ade57c-ab2d-f32c-6d04-ca4362bcd111,SharePointSearchSource,2026-04-12,18,0,18,14,0,4,0,0
ceede420-8909-11dc-8679-f8de582f2516,SharePointSearchSource,2026-04-12,1,0,1,0,0,1,0,0
886be1cd-d374-b473-eb5e-5e44351e0f6c,FileGroupKnowledgeSource,2026-04-12,2,0,2,2,0,0,0,0
e3b3040b-61d1-528d-1f62-be2d0226553b,FederatedStructuredSearchSource,2026-04-12,3,0,3,3,0,0,0,0
e3b3040b-61d1-528d-1f62-be2d0226553b,FileGroupKnowledgeSource,2026-04-12,1,0,1,1,0,0,0,0
5e88ef75-87c3-3586-1c2b-456cbfa860ef,SharePointSearchSource,2026-04-12,1,0,1,1,0,0,0,0
87393e81-7495-669f-21ae-593bef161fec,SharePointSearchSource,2026-04-12,2,0,2,0,0,2,0,0
f0d0a9bd-433c-deeb-63e8-4a4c455202fa,AzureAISearchSource,2026-04-12,4,0,4,4,0,0,0,0
169d23ee-46b6-6035-1181-5a8f971e97d7,Unknown,2026-04-12,10,0,10,0,0,10,0,0
d016454a-df0f-bde2-ca7b-966e23c4bd35,SharePointSearchSource,2026-04-12,12,0,12,2,9,1,0,0
169d23ee-46b6-6035-1181-5a8f971e97d7,SharePointSearchSource,2026-04-12,8,0,8,0,0,8,0,0
66a8e0a3-0107-05c0-255b-694508dc133f,SharePointSearchSource,2026-04-12,1,0,1,1,0,0,0,0
3a56460b-84a9-d33e-7c45-c9c85440b43d,SharePointSearchSource,2026-04-12,2,1,1,0,0,1,0,0
0c365306-a082-7a05-e57c-e197d23fca15,SharePointSearchSource,2026-04-19,5,0,5,5,0,0,0,0
87393e81-7495-669f-21ae-593bef161fec,SharePointSearchSource,2026-04-19,7,0,7,0,0,7,0,0
8785182c-24d6-7f79-5dc9-9ac9fd249562,FederatedStructuredSearchSource,2026-04-19,2,1,1,0,0,1,0,0
630af2ca-f154-7cc9-2f4a-2b77f7e7876a,SharePointSearchSource,2026-04-19,37,1,36,13,0,23,0,0
afb1588e-9ed5-93ba-b6b4-5b09178f28cb,Unknown,2026-04-19,5,0,5,5,0,0,0,0
e3b3040b-61d1-528d-1f62-be2d0226553b,FileGroupKnowledgeSource,2026-04-19,2,0,2,0,0,2,0,0
8785182c-24d6-7f79-5dc9-9ac9fd249562,SharePointSearchSource,2026-04-19,2,0,2,0,0,2,0,0
886be1cd-d374-b473-eb5e-5e44351e0f6c,DataverseStructuredSearchSource,2026-04-19,1,0,1,1,0,0,0,0
ce2d34f5-959c-32c2-14d7-cb80d1052b83,SharePointSearchSource,2026-04-19,33,0,33,11,0,22,0,0
a7f32d9d-7ed5-e83b-e100-04b87adeabcd,FederatedStructuredSearchSource,2026-04-19,1,0,1,1,0,0,0,0
169d23ee-46b6-6035-1181-5a8f971e97d7,Unknown,2026-04-19,12,0,12,0,0,12,0,0
d016454a-df0f-bde2-ca7b-966e23c4bd35,SharePointSearchSource,2026-04-19,16,0,16,14,0,2,0,0
169d23ee-46b6-6035-1181-5a8f971e97d7,SharePointSearchSource,2026-04-19,28,0,28,0,0,28,0,0
66a8e0a3-0107-05c0-255b-694508dc133f,SharePointSearchSource,2026-04-19,7,0,7,7,0,0,0,0
c7f55dbb-2320-dd06-d650-1ff541f9a0a9,Unknown,2026-04-19,2,0,2,0,0,2,0,0
def46aa3-a5f8-bba0-cb4f-709330253b6d,SharePointSearchSource,2026-04-19,16,0,16,14,0,2,0,0
2ad6c899-c22b-8477-5480-cba533a9b97a,FederatedStructuredSearchSource,2026-04-19,18,2,16,16,0,0,0,0
88df5d78-2875-0e48-4f24-7e5887fa7ccb,SharePointSearchSource,2026-04-19,6,2,4,4,0,0,0,0
84fd6b25-b55c-ae4d-4098-b607983fdcc8,SharePointSearchSource,2026-04-19,6,0,6,6,0,0,0,0
ce2d34f5-959c-32c2-14d7-cb80d1052b83,Unknown,2026-04-19,7,0,7,4,0,3,0,0
169d23ee-46b6-6035-1181-5a8f971e97d7,FileGroupKnowledgeSource,2026-04-19,6,0,6,0,0,6,0,0
169d23ee-46b6-6035-1181-5a8f971e97d7,FederatedStructuredSearchSource,2026-04-19,17,0,17,0,0,17,0,0
d016454a-df0f-bde2-ca7b-966e23c4bd35,FederatedStructuredSearchSource,2026-04-19,1,0,1,0,1,0,0,0
65ade57c-ab2d-f32c-6d04-ca4362bcd111,SharePointSearchSource,2026-04-19,12,0,12,12,0,0,0,0
ce2d34f5-959c-32c2-14d7-cb80d1052b83,PublicSiteSearchSource,2026-04-19,22,0,22,2,0,20,0,0
886be1cd-d374-b473-eb5e-5e44351e0f6c,FileGroupKnowledgeSource,2026-04-19,1,0,1,1,0,0,0,0
e3b3040b-61d1-528d-1f62-be2d0226553b,FederatedStructuredSearchSource,2026-04-19,2,0,2,0,0,2,0,0
ceede420-8909-11dc-8679-f8de582f2516,SharePointSearchSource,2026-04-19,5,0,5,1,0,4,0,0
563f71c5-1148-b938-3c8e-ce179379137d,SharePointSearchSource,2026-04-19,3,0,3,3,0,0,0,0
ceede420-8909-11dc-8679-f8de582f2516,FederatedStructuredSearchSource,2026-04-19,3,0,3,0,0,3,0,0
22c60af1-7353-6a92-4e50-18d2e056c738,Unknown,2026-04-19,1,0,1,1,0,0,0,0
9344ef2c-794f-9d19-fbdb-006868a10afc,Unknown,2026-04-19,14,13,1,1,0,0,0,0
ce2d34f5-959c-32c2-14d7-cb80d1052b83,DataverseStructuredSearchSource,2026-04-19,6,0,6,2,0,4,0,0
e08ef7fb-23eb-29be-aa79-cc41e2b2c689,SharePointSearchSource,2026-04-19,1,0,1,1,0,0,0,0
65f50475-4310-c061-588a-0013c4281df5,SharePointSearchSource,2026-04-19,17,0,17,0,0,17,0,0
169d23ee-46b6-6035-1181-5a8f971e97d7,FederatedStructuredSearchSource,2026-04-26,7,0,7,0,0,7,0,0
2ad6c899-c22b-8477-5480-cba533a9b97a,FederatedStructuredSearchSource,2026-04-26,11,0,11,11,0,0,0,0
0cc128b8-60e7-2d86-1000-8ed0ab803cc1,SharePointSearchSource,2026-04-26,12,3,9,9,0,0,0,0
c7f55dbb-2320-dd06-d650-1ff541f9a0a9,Unknown,2026-04-26,1,0,1,1,0,0,0,0
def46aa3-a5f8-bba0-cb4f-709330253b6d,SharePointSearchSource,2026-04-26,1,0,1,0,0,1,0,0
ce2d34f5-959c-32c2-14d7-cb80d1052b83,DataverseStructuredSearchSource,2026-04-26,3,0,3,0,0,3,0,0
65f50475-4310-c061-588a-0013c4281df5,SharePointSearchSource,2026-04-26,11,0,11,0,0,11,0,0
e26b260b-f880-b728-73c2-c40eaeb01b87,SharePointSearchSource,2026-04-26,9,0,9,3,0,6,0,0
ceede420-8909-11dc-8679-f8de582f2516,FederatedStructuredSearchSource,2026-04-26,2,0,2,1,0,1,0,0
886be1cd-d374-b473-eb5e-5e44351e0f6c,FileGroupKnowledgeSource,2026-04-26,1,0,1,0,0,1,0,0
e26b260b-f880-b728-73c2-c40eaeb01b87,FederatedStructuredSearchSource,2026-04-26,3,0,3,2,0,1,0,0
ceede420-8909-11dc-8679-f8de582f2516,SharePointSearchSource,2026-04-26,7,0,7,4,0,3,0,0
563f71c5-1148-b938-3c8e-ce179379137d,SharePointSearchSource,2026-04-26,4,0,4,4,0,0,0,0
f13ff83d-6efb-2358-1be9-2c3d123c3530,FederatedStructuredSearchSource,2026-04-26,1,0,1,1,0,0,0,0
65ade57c-ab2d-f32c-6d04-ca4362bcd111,SharePointSearchSource,2026-04-26,14,0,14,14,0,0,0,0
ce2d34f5-959c-32c2-14d7-cb80d1052b83,PublicSiteSearchSource,2026-04-26,3,0,3,0,0,3,0,0
8785182c-24d6-7f79-5dc9-9ac9fd249562,SharePointSearchSource,2026-04-26,2,0,2,0,0,2,0,0
def46aa3-a5f8-bba0-cb4f-709330253b6d,FederatedStructuredSearchSource,2026-04-26,4,0,4,4,0,0,0,0
87393e81-7495-669f-21ae-593bef161fec,SharePointSearchSource,2026-04-26,8,0,8,0,1,7,0,0
8785182c-24d6-7f79-5dc9-9ac9fd249562,FederatedStructuredSearchSource,2026-04-26,4,0,4,0,0,4,0,0
86b38839-1509-0ea8-5c97-e4e69f1d98cd,FederatedStructuredSearchSource,2026-04-26,5,0,5,5,0,0,0,0
87393e81-7495-669f-21ae-593bef161fec,Unknown,2026-04-26,1,0,1,0,1,0,0,0
630af2ca-f154-7cc9-2f4a-2b77f7e7876a,SharePointSearchSource,2026-04-26,1,0,1,0,0,1,0,0
169d23ee-46b6-6035-1181-5a8f971e97d7,SharePointSearchSource,2026-04-26,7,0,7,0,0,7,0,0
169d23ee-46b6-6035-1181-5a8f971e97d7,Unknown,2026-04-26,9,0,9,0,0,9,0,0
d016454a-df0f-bde2-ca7b-966e23c4bd35,SharePointSearchSource,2026-04-26,38,0,38,12,13,13,0,0
a7f32d9d-7ed5-e83b-e100-04b87adeabcd,FederatedStructuredSearchSource,2026-04-26,2,0,2,2,0,0,0,0
ce2d34f5-959c-32c2-14d7-cb80d1052b83,SharePointSearchSource,2026-04-26,7,0,7,0,0,7,0,0
6f839a22-bcfd-8a3b-2e70-951c6674d89c,AzureAISearchSource,2026-04-26,2,0,2,2,0,0,0,0
def46aa3-a5f8-bba0-cb4f-709330253b6d,FederatedStructuredSearchSource,2026-05-03,1,0,1,1,0,0,0,0
0c365306-a082-7a05-e57c-e197d23fca15,SharePointSearchSource,2026-05-03,1,0,1,1,0,0,0,0
87393e81-7495-669f-21ae-593bef161fec,SharePointSearchSource,2026-05-03,10,0,10,0,0,10,0,0
86b38839-1509-0ea8-5c97-e4e69f1d98cd,FederatedStructuredSearchSource,2026-05-03,1,0,1,1,0,0,0,0
630af2ca-f154-7cc9-2f4a-2b77f7e7876a,SharePointSearchSource,2026-05-03,1,0,1,0,0,1,0,0
169d23ee-46b6-6035-1181-5a8f971e97d7,Unknown,2026-05-03,2,0,2,0,0,2,0,0
169d23ee-46b6-6035-1181-5a8f971e97d7,SharePointSearchSource,2026-05-03,5,0,5,0,0,5,0,0
66a8e0a3-0107-05c0-255b-694508dc133f,SharePointSearchSource,2026-05-03,6,0,6,6,0,0,0,0
ce2d34f5-959c-32c2-14d7-cb80d1052b83,SharePointSearchSource,2026-05-03,7,1,6,0,0,6,0,0
3a56460b-84a9-d33e-7c45-c9c85440b43d,SharePointSearchSource,2026-05-03,7,0,7,7,0,0,0,0
a7f32d9d-7ed5-e83b-e100-04b87adeabcd,FederatedStructuredSearchSource,2026-05-03,1,0,1,0,0,1,0,0
ce2d34f5-959c-32c2-14d7-cb80d1052b83,Unknown,2026-05-03,3,0,3,1,0,2,0,0
169d23ee-46b6-6035-1181-5a8f971e97d7,FederatedStructuredSearchSource,2026-05-03,4,0,4,0,0,4,0,0
f0d0a9bd-433c-deeb-63e8-4a4c455202fa,AzureAISearchSource,2026-05-03,12,0,12,12,0,0,0,0
def46aa3-a5f8-bba0-cb4f-709330253b6d,SharePointSearchSource,2026-05-03,3,0,3,3,0,0,0,0
2ad6c899-c22b-8477-5480-cba533a9b97a,FederatedStructuredSearchSource,2026-05-03,5,0,5,5,0,0,0,0
0cc128b8-60e7-2d86-1000-8ed0ab803cc1,SharePointSearchSource,2026-05-03,15,0,15,11,0,4,0,0
84fd6b25-b55c-ae4d-4098-b607983fdcc8,SharePointSearchSource,2026-05-03,2,0,2,2,0,0,0,0
ce2d34f5-959c-32c2-14d7-cb80d1052b83,DataverseStructuredSearchSource,2026-05-03,9,0,9,4,0,5,0,0
65f50475-4310-c061-588a-0013c4281df5,SharePointSearchSource,2026-05-03,21,0,21,0,0,21,0,0
e26b260b-f880-b728-73c2-c40eaeb01b87,SharePointSearchSource,2026-05-03,5,0,5,0,0,5,0,0
ce2d34f5-959c-32c2-14d7-cb80d1052b83,PublicSiteSearchSource,2026-05-03,27,4,23,5,0,18,0,0
65ade57c-ab2d-f32c-6d04-ca4362bcd111,SharePointSearchSource,2026-05-03,23,0,23,21,2,0,0,0
e26b260b-f880-b728-73c2-c40eaeb01b87,FederatedStructuredSearchSource,2026-05-03,2,0,2,0,0,2,0,0
886be1cd-d374-b473-eb5e-5e44351e0f6c,FileGroupKnowledgeSource,2026-05-03,2,0,2,2,0,0,0,0
169d23ee-46b6-6035-1181-5a8f971e97d7,FederatedStructuredSearchSource,2026-05-10,4,0,4,0,0,4,0,0
2ad6c899-c22b-8477-5480-cba533a9b97a,FederatedStructuredSearchSource,2026-05-10,14,0,14,14,0,0,0,0
def46aa3-a5f8-bba0-cb4f-709330253b6d,SharePointSearchSource,2026-05-10,5,0,5,5,0,0,0,0
65f50475-4310-c061-588a-0013c4281df5,SharePointSearchSource,2026-05-10,6,0,6,0,0,6,0,0
e26b260b-f880-b728-73c2-c40eaeb01b87,SharePointSearchSource,2026-05-10,3,0,3,0,0,3,0,0
ceede420-8909-11dc-8679-f8de582f2516,FederatedStructuredSearchSource,2026-05-10,5,0,5,4,0,1,0,0
22c60af1-7353-6a92-4e50-18d2e056c738,Unknown,2026-05-10,1,0,1,1,0,0,0,0
e26b260b-f880-b728-73c2-c40eaeb01b87,FederatedStructuredSearchSource,2026-05-10,4,0,4,4,0,0,0,0
ceede420-8909-11dc-8679-f8de582f2516,SharePointSearchSource,2026-05-10,9,0,9,8,0,1,0,0
f13ff83d-6efb-2358-1be9-2c3d123c3530,FederatedStructuredSearchSource,2026-05-10,1,0,1,1,0,0,0,0
1f5f3fb5-079a-62d2-43eb-45ebe2c2ddca,Unknown,2026-05-10,1,0,1,0,1,0,0,0
65ade57c-ab2d-f32c-6d04-ca4362bcd111,SharePointSearchSource,2026-05-10,6,0,6,6,0,0,0,0
563f71c5-1148-b938-3c8e-ce179379137d,Unknown,2026-05-10,10,0,10,10,0,0,0,0
8785182c-24d6-7f79-5dc9-9ac9fd249562,FederatedStructuredSearchSource,2026-05-10,1,0,1,0,0,1,0,0
87393e81-7495-669f-21ae-593bef161fec,SharePointSearchSource,2026-05-10,13,0,13,0,3,10,0,0
07af3cb3-3395-6f96-006c-0b70df2ddc0c,SharePointSearchSource,2026-05-10,12,2,10,7,0,3,0,0
0c365306-a082-7a05-e57c-e197d23fca15,SharePointSearchSource,2026-05-10,1,0,1,1,0,0,0,0
169d23ee-46b6-6035-1181-5a8f971e97d7,SharePointSearchSource,2026-05-10,4,0,4,0,0,4,0,0
66a8e0a3-0107-05c0-255b-694508dc133f,SharePointSearchSource,2026-05-10,43,0,43,30,11,2,0,0
169d23ee-46b6-6035-1181-5a8f971e97d7,Unknown,2026-05-10,3,0,3,0,0,3,0,0
d016454a-df0f-bde2-ca7b-966e23c4bd35,SharePointSearchSource,2026-05-10,2,0,2,2,0,0,0,0
f0d0a9bd-433c-deeb-63e8-4a4c455202fa,AzureAISearchSource,2026-05-10,2,0,2,2,0,0,0,0
d188015f-7a62-4b41-8595-8708416a1a9d,SharePointSearchSource,2026-05-10,11,0,11,0,0,11,0,0
07af3cb3-3395-6f96-006c-0b70df2ddc0c,SharePointSearchSource,2026-05-17,46,13,33,2,0,31,0,0
630af2ca-f154-7cc9-2f4a-2b77f7e7876a,SharePointSearchSource,2026-05-17,60,8,52,13,0,39,0,0
87393e81-7495-669f-21ae-593bef161fec,SharePointSearchSource,2026-05-17,2,0,2,0,0,2,0,0
563f71c5-1148-b938-3c8e-ce179379137d,Unknown,2026-05-17,1,0,1,1,0,0,0,0
8785182c-24d6-7f79-5dc9-9ac9fd249562,SharePointSearchSource,2026-05-17,1,0,1,0,1,0,0,0
0ac92614-508a-5ce1-7dbf-032667feb951,Unknown,2026-05-17,0,0,0,0,0,0,12,12
d188015f-7a62-4b41-8595-8708416a1a9d,FederatedStructuredSearchSource,2026-05-17,12,0,12,0,0,12,0,0
d188015f-7a62-4b41-8595-8708416a1a9d,SharePointSearchSource,2026-05-17,8,0,8,0,0,8,0,0
d016454a-df0f-bde2-ca7b-966e23c4bd35,SharePointSearchSource,2026-05-17,2,0,2,0,0,2,0,0
169d23ee-46b6-6035-1181-5a8f971e97d7,Unknown,2026-05-17,12,0,12,0,0,12,0,0
169d23ee-46b6-6035-1181-5a8f971e97d7,SharePointSearchSource,2026-05-17,16,0,16,0,0,16,0,0
66a8e0a3-0107-05c0-255b-694508dc133f,SharePointSearchSource,2026-05-17,24,0,24,4,8,12,0,0
0cc128b8-60e7-2d86-1000-8ed0ab803cc1,SharePointSearchSource,2026-05-17,1,0,1,1,0,0,0,0
84fd6b25-b55c-ae4d-4098-b607983fdcc8,SharePointSearchSource,2026-05-17,2,0,2,2,0,0,0,0
88df5d78-2875-0e48-4f24-7e5887fa7ccb,SharePointSearchSource,2026-05-17,2,0,2,2,0,0,0,0
2ad6c899-c22b-8477-5480-cba533a9b97a,FederatedStructuredSearchSource,2026-05-17,4,0,4,4,0,0,0,0
169d23ee-46b6-6035-1181-5a8f971e97d7,FileGroupKnowledgeSource,2026-05-17,1,0,1,0,0,1,0,0
169d23ee-46b6-6035-1181-5a8f971e97d7,FederatedStructuredSearchSource,2026-05-17,16,0,16,0,0,16,0,0
65ade57c-ab2d-f32c-6d04-ca4362bcd111,SharePointSearchSource,2026-05-17,16,0,16,6,0,10,0,0
563f71c5-1148-b938-3c8e-ce179379137d,SharePointSearchSource,2026-05-17,2,0,2,2,0,0,0,0
9344ef2c-794f-9d19-fbdb-006868a10afc,Unknown,2026-05-17,6,0,6,6,0,0,0,0
65f50475-4310-c061-588a-0013c4281df5,SharePointSearchSource,2026-05-17,22,0,22,0,0,22,0,0
aafe92e4-b32d-77f4-09ef-1d131aa5787e,DataverseStructuredSearchSource,2026-05-24,45,0,45,1,15,29,0,0
169d23ee-46b6-6035-1181-5a8f971e97d7,FederatedStructuredSearchSource,2026-05-24,9,0,9,0,0,9,0,0
aafe92e4-b32d-77f4-09ef-1d131aa5787e,FederatedStructuredSearchSource,2026-05-24,3,0,3,0,2,1,0,0
c7f55dbb-2320-dd06-d650-1ff541f9a0a9,Unknown,2026-05-24,1,0,1,1,0,0,0,0
2ad6c899-c22b-8477-5480-cba533a9b97a,FederatedStructuredSearchSource,2026-05-24,2,0,2,2,0,0,0,0
0cc128b8-60e7-2d86-1000-8ed0ab803cc1,SharePointSearchSource,2026-05-24,7,0,7,7,0,0,0,0
f0d0a9bd-433c-deeb-63e8-4a4c455202fa,AzureAISearchSource,2026-05-24,2,0,2,2,0,0,0,0
ce2d34f5-959c-32c2-14d7-cb80d1052b83,DataverseStructuredSearchSource,2026-05-24,31,0,31,18,3,10,0,0
65f50475-4310-c061-588a-0013c4281df5,SharePointSearchSource,2026-05-24,3,0,3,0,0,3,0,0
ce2d34f5-959c-32c2-14d7-cb80d1052b83,PublicSiteSearchSource,2026-05-24,4,0,4,2,0,2,0,0
65ade57c-ab2d-f32c-6d04-ca4362bcd111,SharePointSearchSource,2026-05-24,15,0,15,15,0,0,0,0
9a44c704-094a-3cce-18d2-f096a8c876f0,SharePointSearchSource,2026-05-24,1,0,1,1,0,0,0,0
aafe92e4-b32d-77f4-09ef-1d131aa5787e,PublicSiteSearchSource,2026-05-24,24,0,24,1,1,22,0,0
563f71c5-1148-b938-3c8e-ce179379137d,SharePointSearchSource,2026-05-24,1,0,1,1,0,0,0,0
6f839a22-bcfd-8a3b-2e70-951c6674d89c,AzureAISearchSource,2026-05-24,7,0,7,7,0,0,0,0
d02b8615-c9b2-83e9-6872-5b8a58a38c4c,SharePointSearchSource,2026-05-24,1,0,1,0,0,1,0,0
07af3cb3-3395-6f96-006c-0b70df2ddc0c,SharePointSearchSource,2026-05-24,36,9,27,1,0,26,0,0
87393e81-7495-669f-21ae-593bef161fec,Unknown,2026-05-24,1,0,1,0,0,1,0,0
87393e81-7495-669f-21ae-593bef161fec,SharePointSearchSource,2026-05-24,10,0,10,0,7,3,0,0
630af2ca-f154-7cc9-2f4a-2b77f7e7876a,SharePointSearchSource,2026-05-24,5,0,5,4,0,1,0,0
169d23ee-46b6-6035-1181-5a8f971e97d7,Unknown,2026-05-24,4,0,4,0,0,4,0,0
169d23ee-46b6-6035-1181-5a8f971e97d7,SharePointSearchSource,2026-05-24,15,0,15,0,0,15,0,0
66a8e0a3-0107-05c0-255b-694508dc133f,SharePointSearchSource,2026-05-24,9,0,9,7,0,2,0,0
1ab3ddec-7259-fae5-056b-65fb99d65601,SharePointSearchSource,2026-05-24,24,0,24,0,0,24,0,0
0ac92614-508a-5ce1-7dbf-032667feb951,Unknown,2026-05-24,0,0,0,0,0,0,11,11
ce2d34f5-959c-32c2-14d7-cb80d1052b83,SharePointSearchSource,2026-05-24,8,0,8,4,1,3,0,0
3a56460b-84a9-d33e-7c45-c9c85440b43d,SharePointSearchSource,2026-05-24,2,0,2,2,0,0,0,0
aafe92e4-b32d-77f4-09ef-1d131aa5787e,SharePointSearchSource,2026-05-24,26,0,26,9,4,13,0,0
