AgentId,ActionSchemaName,MetricDate,Total Runs per action,Number of successful actions in runs,Number of actions in successful runs,Number of successful actions in successful runs
3bbbdfc6-17f8-c90d-5829-14f3b1738a51,crad4_bml.action.SharePoint-Updateitem_VmD,2026-01-04,245,243,243,243
33e839ea-074e-e138-16dc-4a867812860d,crad4_competitiveIntelAgent.action.Office365Outlook-SendanemailV2,2026-01-04,5,5,5,5
1b9df7bf-87a9-3017-5d98-6e6b9125eec8,crad4_rdaInfoBot.action.SharePoint-Getitems,2026-01-04,1,0,0,0
f61d148c-76e6-3001-55a8-ee4ca47ace11,crad4_inboxTaskManager.action.Planner-Createatask,2026-01-04,195,0,0,0
33e839ea-074e-e138-16dc-4a867812860d,crad4_competitiveIntelAgent.action.Office365Outlook-SendanemailV2,2026-01-11,4,4,4,4
3bbbdfc6-17f8-c90d-5829-14f3b1738a51,crad4_bml.action.SharePoint-Updateitem_VmD,2026-01-11,203,203,203,203
f61d148c-76e6-3001-55a8-ee4ca47ace11,crad4_inboxTaskManager.action.Planner-Createatask,2026-01-11,203,0,0,0
78ced8cc-bafa-8ffb-66f7-d4e32a37ad11,crad4_jiraProjectDataFetcher.action.Jira-GetprojectsV2,2026-01-11,2,1,0,0
1b9df7bf-87a9-3017-5d98-6e6b9125eec8,crad4_rdaInfoBot.action.SharePoint-Getitems,2026-01-11,1,1,0,0
78ced8cc-bafa-8ffb-66f7-d4e32a37ad11,crad4_jiraProjectDataFetcher.action.Jira-Getlistofissues,2026-01-11,14,12,0,0
960c51cc-6887-6873-4282-66ced44f8806,crad4_copilotStudioAgentGuide.action.Office365Outlook-SendanemailV2,2026-01-11,1,1,0,0
3bbbdfc6-17f8-c90d-5829-14f3b1738a51,crad4_bml.action.SharePoint-Updateitem_VmD,2026-01-18,106,101,101,101
33e839ea-074e-e138-16dc-4a867812860d,crad4_competitiveIntelAgent.action.Office365Outlook-SendanemailV2,2026-01-18,3,3,3,3
f61d148c-76e6-3001-55a8-ee4ca47ace11,crad4_inboxTaskManager.action.Planner-Createatask,2026-01-18,151,0,0,0
ab0e793c-922c-a546-1e96-a7e20fbfa785,crad4_sharePointListQueryAssistant.action.SharePoint-Getitems,2026-01-18,5,5,0,0
98e53774-1f18-e88c-9de2-07331d654981,crad4_uiPathErrorHelper.action.MicrosoftTeams-Replywithamessageinachannel,2026-01-25,1,0,0,0
ab0e793c-922c-a546-1e96-a7e20fbfa785,crad4_sharePointListQueryAssistant.action.SharePoint-Getitems,2026-01-25,2,2,0,0
f61d148c-76e6-3001-55a8-ee4ca47ace11,crad4_inboxTaskManager.action.Planner-Createatask,2026-01-25,175,0,0,0
eb13af17-e9bf-fe70-cce9-c18524c5b73c,cua_agent_Ri7MK.action.Computeruse-Computeruse~ExecuteCUA,2026-01-25,1,1,0,0
33e839ea-074e-e138-16dc-4a867812860d,crad4_competitiveIntelAgent.action.Office365Outlook-SendanemailV2,2026-01-25,7,7,7,7
3bbbdfc6-17f8-c90d-5829-14f3b1738a51,crad4_bml.action.SharePoint-Updateitem_VmD,2026-01-25,172,167,167,167
2aab30a8-56b8-f8d8-70c3-e833d143bc37,crad4_dailyMeetingBriefingAgent.action.Untitled,2026-02-01,6,6,0,0
2aab30a8-56b8-f8d8-70c3-e833d143bc37,crad4_dailyMeetingBriefingAgent.action.Office365Outlook-GetcalendarviewofeventsV3,2026-02-01,6,5,0,0
b72c5728-7ef2-aef8-3572-671f5592966d,crad4_territoryQuotaAllocationAgent.action.ExcelOnlineBusiness-Addarowintoatable,2026-02-01,11,11,0,0
f61d148c-76e6-3001-55a8-ee4ca47ace11,crad4_inboxTaskManager.action.Planner-Createatask,2026-02-01,171,0,0,0
33e839ea-074e-e138-16dc-4a867812860d,crad4_competitiveIntelAgent.action.Office365Outlook-SendanemailV2,2026-02-01,7,7,7,7
33e839ea-074e-e138-16dc-4a867812860d,crad4_competitiveIntelAgent.action.Office365Outlook-SendanemailV2,2026-02-08,7,7,7,7
b7b409ca-6516-2e27-a5b2-e7c823fa4654,crad4_irishGrantsResearchAgent.action.Office365Outlook-SendanemailV2,2026-02-08,2,2,2,2
f61d148c-76e6-3001-55a8-ee4ca47ace11,crad4_inboxTaskManager.action.Planner-Createatask,2026-02-08,294,0,0,0
9cd1c429-fd64-bef9-7d43-ef9b389c23bb,copilots_header_87121.action.MicrosoftTeams-Createachat,2026-02-15,1,0,0,0
f61d148c-76e6-3001-55a8-ee4ca47ace11,crad4_inboxTaskManager.action.Planner-Createatask~ListGroups,2026-02-15,77,77,0,0
563f71c5-1148-b938-3c8e-ce179379137d,auto_agent_IMb59.action.MicrosoftTeams-Createachat,2026-02-15,10,0,0,0
b7b409ca-6516-2e27-a5b2-e7c823fa4654,crad4_irishGrantsResearchAgent.action.Office365Outlook-SendanemailV2,2026-02-15,5,5,5,5
33e839ea-074e-e138-16dc-4a867812860d,crad4_competitiveIntelAgent.action.Office365Outlook-SendanemailV2,2026-02-15,7,7,7,7
b1c8fde5-b9e3-717f-fb32-ad08179242df,copilots_header_4f137.action.Office365Outlook-CreateeventV4,2026-02-15,1,1,0,0
f61d148c-76e6-3001-55a8-ee4ca47ace11,crad4_inboxTaskManager.action.Planner-Createatask,2026-02-15,275,0,0,0
b1c8fde5-b9e3-717f-fb32-ad08179242df,copilots_header_4f137.action.Office365Outlook-CreateeventV4~CalendarGetTables_V2,2026-02-15,1,1,0,0
f0d0a9bd-433c-deeb-63e8-4a4c455202fa,cua_agent__rMCt.action.AzureAISearch-SemanticHybridSearch,2026-02-15,1,0,0,0
48e2700a-e001-847c-88f2-a2f32ed56e64,cua_agent_VT_mT.action.Computeruse-Computeruse~ExecuteCUA,2026-02-15,6,5,0,0
d016454a-df0f-bde2-ca7b-966e23c4bd35,cr2df_agent.action.SQLServer-ExecuteaSQLqueryV2,2026-02-15,5,1,0,0
3df4e0f1-704f-5af7-e497-40652c5ca068,ca_agent3-IT3D.action.WordOnlineBusiness-CreateaMicrosoftWorddocumentwiththegivencontent,2026-02-22,1,1,0,0
abe21e26-cc0e-d6c4-f416-84aeaa58a705,copilots_header_4164c.action.Computeruse-ComputerusethroughtheMCPprotocol~ExecuteCUA,2026-02-22,1,1,0,0
d016454a-df0f-bde2-ca7b-966e23c4bd35,cr2df_agent.action.SQLServer-ExecuteaSQLqueryV2_2wZ,2026-02-22,4,4,0,0
abe21e26-cc0e-d6c4-f416-84aeaa58a705,copilots_header_4164c.action.WordOnlineBusiness-PopulateaMicrosoftWordtemplate,2026-02-22,1,0,0,0
ab0e793c-922c-a546-1e96-a7e20fbfa785,crad4_sharePointListQueryAssistant.action.SharePoint-Getitems,2026-02-22,1,1,0,0
d016454a-df0f-bde2-ca7b-966e23c4bd35,cr2df_agent.action.SQLServer-ExecuteaSQLqueryV2_Tkt,2026-02-22,6,4,0,0
d02b8615-c9b2-83e9-6872-5b8a58a38c4c,auto_agent_F53D3.action.VE_Indaba_Finder,2026-02-22,7,7,0,0
f61d148c-76e6-3001-55a8-ee4ca47ace11,crad4_inboxTaskManager.action.Planner-Createatask,2026-02-22,245,0,0,0
50f916f3-2f84-4e0b-8468-8b8e8f506bc0,cr103_agent1.action.SQLServer-GetrowsV2,2026-02-22,3,1,0,0
b7b409ca-6516-2e27-a5b2-e7c823fa4654,crad4_irishGrantsResearchAgent.action.Office365Outlook-SendanemailV2,2026-02-22,1,1,1,1
b1c8fde5-b9e3-717f-fb32-ad08179242df,copilots_header_4f137.action.Office365Outlook-CreateeventV4,2026-02-22,1,1,0,0
33e839ea-074e-e138-16dc-4a867812860d,crad4_competitiveIntelAgent.action.Office365Outlook-SendanemailV2,2026-02-22,6,6,6,6
f61d148c-76e6-3001-55a8-ee4ca47ace11,crad4_inboxTaskManager.action.Planner-Createatask~ListGroups,2026-02-22,159,159,1,1
1b9df7bf-87a9-3017-5d98-6e6b9125eec8,crad4_rdaInfoBot.action.SharePoint-Getitems,2026-02-22,7,7,0,0
abe21e26-cc0e-d6c4-f416-84aeaa58a705,copilots_header_4164c.action.CAFCreator,2026-02-22,5,5,0,0
bafdecf0-bff2-afee-ee8a-0e22c63d41b7,crad4_emailDraftAssistant.action.Office365Outlook-Draftanemailmessage,2026-02-22,10,10,10,10
d02b8615-c9b2-83e9-6872-5b8a58a38c4c,auto_agent_F53D3.action.VE_Indaba_Ranker,2026-02-22,16,9,0,0
d02b8615-c9b2-83e9-6872-5b8a58a38c4c,auto_agent_F53D3.action.VE_Indaba_DeepDive,2026-02-22,2,2,0,0
432b3a6d-168a-a766-89d8-ef47a9c99084,copilots_header_aa80c.action.MySQL-Gettables_S0M,2026-03-01,3,3,0,0
3f0a5559-0596-3fe5-aa0f-59899cb9169f,crad4_leaNaLeadNotifierAgent.action.Office365Outlook-SendanemailV2,2026-03-01,79,79,79,79
432b3a6d-168a-a766-89d8-ef47a9c99084,copilots_header_aa80c.action.MySQL-Getrows_bjp,2026-03-01,11,11,0,0
ab0e793c-922c-a546-1e96-a7e20fbfa785,crad4_sharePointListQueryAssistant.action.SharePoint-Getitems,2026-03-01,1,1,0,0
48e2700a-e001-847c-88f2-a2f32ed56e64,cua_agent_VT_mT.action.Computeruse-Computeruse~ExecuteCUA,2026-03-01,1,1,0,0
1b9df7bf-87a9-3017-5d98-6e6b9125eec8,crad4_rdaInfoBot.action.SharePoint-Getitems,2026-03-01,1,1,0,0
35b60863-5ea2-8181-3a6d-8e6d672db7ea,crad4_sharePointOrderNumberValidator.action.SharePoint-Getfilecontent,2026-03-01,19,19,19,19
aafe92e4-b32d-77f4-09ef-1d131aa5787e,cre4a_regulatoryDev.action.MicrosoftDataverse-Listrowsfromselectedenvironment,2026-03-01,1,1,0,0
d016454a-df0f-bde2-ca7b-966e23c4bd35,cr2df_agent.action.SQLServer-ExecuteaSQLqueryV2_Tkt,2026-03-01,4,2,0,0
432b3a6d-168a-a766-89d8-ef47a9c99084,copilots_header_aa80c.action.MySQL-Getrows,2026-03-01,1,0,0,0
abe21e26-cc0e-d6c4-f416-84aeaa58a705,copilots_header_4164c.action.CAFCreator,2026-03-01,6,1,0,0
aafe92e4-b32d-77f4-09ef-1d131aa5787e,cre4a_regulatoryDev.action.AzureDevOps-Getworkitemdetails,2026-03-01,3,3,0,0
33e839ea-074e-e138-16dc-4a867812860d,crad4_competitiveIntelAgent.action.Office365Outlook-SendanemailV2,2026-03-01,7,7,7,7
b7b409ca-6516-2e27-a5b2-e7c823fa4654,crad4_irishGrantsResearchAgent.action.Office365Outlook-SendanemailV2,2026-03-01,1,1,1,1
f61d148c-76e6-3001-55a8-ee4ca47ace11,crad4_inboxTaskManager.action.Planner-Createatask~ListGroups,2026-03-01,144,144,0,0
432b3a6d-168a-a766-89d8-ef47a9c99084,copilots_header_aa80c.action.MySQL-Gettables_L8G,2026-03-01,1,1,0,0
f61d148c-76e6-3001-55a8-ee4ca47ace11,crad4_inboxTaskManager.action.Planner-Createatask,2026-03-01,213,0,0,0
aafe92e4-b32d-77f4-09ef-1d131aa5787e,cre4a_regulatoryDev.action.AzureDevOps-Searchforworkitems,2026-03-01,1,0,0,0
432b3a6d-168a-a766-89d8-ef47a9c99084,copilots_header_aa80c.action.MySQL-Getrows_Atp,2026-03-01,4,0,0,0
d016454a-df0f-bde2-ca7b-966e23c4bd35,cr2df_agent.action.SQLServer-ExecuteaSQLqueryV2_2wZ,2026-03-01,3,3,0,0
59009651-a5e1-cf24-e54d-53a39c82cd5d,crad4_forecastInsights.action.PowerBI-Runaqueryagainstadataset,2026-03-01,2,2,0,0
50f916f3-2f84-4e0b-8468-8b8e8f506bc0,cr103_agent1.action.SQLServer-GetrowsV2,2026-03-01,1,0,0,0
59009651-a5e1-cf24-e54d-53a39c82cd5d,crad4_forecastInsights.action.PowerBI-Runaqueryagainstadataset,2026-03-08,1,1,0,0
f61d148c-76e6-3001-55a8-ee4ca47ace11,crad4_inboxTaskManager.action.Planner-Createatask,2026-03-08,195,0,0,0
b7bdbd90-2944-3789-b262-645c86df4d6a,copilots_header_a83e6.action.SharePoint-Createitem,2026-03-08,19,11,0,0
f61d148c-76e6-3001-55a8-ee4ca47ace11,crad4_inboxTaskManager.action.Planner-Createatask~ListGroups,2026-03-08,124,124,0,0
33e839ea-074e-e138-16dc-4a867812860d,crad4_competitiveIntelAgent.action.Office365Outlook-SendanemailV2,2026-03-08,6,6,6,6
d016454a-df0f-bde2-ca7b-966e23c4bd35,cr2df_agent.action.SQLServer-ExecuteaSQLqueryV2_2wZ,2026-03-08,3,2,0,0
b7b409ca-6516-2e27-a5b2-e7c823fa4654,crad4_irishGrantsResearchAgent.action.Office365Outlook-SendanemailV2,2026-03-08,1,1,1,1
d016454a-df0f-bde2-ca7b-966e23c4bd35,cr2df_agent.action.SQLServer-ExecuteaSQLqueryV2_Tkt,2026-03-08,3,1,0,0
432b3a6d-168a-a766-89d8-ef47a9c99084,copilots_header_aa80c.action.MySQL-Getrows,2026-03-08,1,1,0,0
35b60863-5ea2-8181-3a6d-8e6d672db7ea,crad4_sharePointOrderNumberValidator.action.SharePoint-Getfilecontent,2026-03-08,14,14,14,14
11c98121-b090-86f2-e35e-095856ee3c17,crad4_sfdcRegressionIntelligence.action.AzureDevOps-Getworkitemdetails,2026-03-08,1,0,0,0
1b9df7bf-87a9-3017-5d98-6e6b9125eec8,crad4_rdaInfoBot.action.SharePoint-Getitems,2026-03-08,15,12,0,0
ab0e793c-922c-a546-1e96-a7e20fbfa785,crad4_sharePointListQueryAssistant.action.SharePoint-Getitems,2026-03-08,2,0,0,0
b7bdbd90-2944-3789-b262-645c86df4d6a,copilots_header_a83e6.action.SharePoint-Updateitem,2026-03-08,2,0,0,0
b7bdbd90-2944-3789-b262-645c86df4d6a,copilots_header_a83e6.action.SharePoint-Getitems,2026-03-08,3,3,0,0
f0d0a9bd-433c-deeb-63e8-4a4c455202fa,cua_agent__rMCt.action.AzureAISearch-SemanticHybridSearch,2026-03-08,1,0,0,0
432b3a6d-168a-a766-89d8-ef47a9c99084,copilots_header_aa80c.action.MySQL-Gettables,2026-03-08,1,1,0,0
b7bdbd90-2944-3789-b262-645c86df4d6a,copilots_header_a83e6.action.SharePoint-Getitem,2026-03-08,8,4,0,0
432b3a6d-168a-a766-89d8-ef47a9c99084,copilots_header_aa80c.action.MySQL-Getrows_i4a,2026-03-08,4,0,0,0
2aab30a8-56b8-f8d8-70c3-e833d143bc37,crad4_dailyMeetingBriefingAgent.action.Untitled,2026-03-15,2,2,0,0
f61d148c-76e6-3001-55a8-ee4ca47ace11,crad4_inboxTaskManager.action.Planner-Createatask,2026-03-15,301,0,0,0
df66b318-4bbd-6dcb-d6dd-6aaf07eb7275,crad4_agentTm9sB-.action.SQLServer-ExecuteaSQLqueryV2,2026-03-15,133,123,0,0
33e839ea-074e-e138-16dc-4a867812860d,crad4_competitiveIntelAgent.action.Office365Outlook-SendanemailV2,2026-03-15,5,5,5,5
b7b409ca-6516-2e27-a5b2-e7c823fa4654,crad4_irishGrantsResearchAgent.action.Office365Outlook-SendanemailV2,2026-03-15,1,1,1,1
b7bdbd90-2944-3789-b262-645c86df4d6a,copilots_header_a83e6.action.SharePoint-Createitem,2026-03-15,1,1,0,0
f61d148c-76e6-3001-55a8-ee4ca47ace11,crad4_inboxTaskManager.action.Planner-Createatask~ListGroups,2026-03-15,225,225,0,0
b7bdbd90-2944-3789-b262-645c86df4d6a,copilots_header_a83e6.action.SharePoint-Getitems_T_y,2026-03-15,1,1,0,0
b7bdbd90-2944-3789-b262-645c86df4d6a,copilots_header_a83e6.action.SharePoint-Getitem,2026-03-15,1,0,0,0
ab0e793c-922c-a546-1e96-a7e20fbfa785,crad4_sharePointListQueryAssistant.action.SharePoint-Getitems_wGU,2026-03-15,23,21,0,0
35b60863-5ea2-8181-3a6d-8e6d672db7ea,crad4_sharePointOrderNumberValidator.action.SharePoint-Getfilecontent,2026-03-15,11,11,11,11
adf47dbf-5916-88be-11a7-7eb66c134364,copilots_header_81655.action.ExcelExtractFlow,2026-03-15,3,3,0,0
aafe92e4-b32d-77f4-09ef-1d131aa5787e,cre4a_regulatoryDev.action.MicrosoftDataverse-Listrowsfromselectedenvironment,2026-03-15,1,1,0,0
ae1d0e66-b31b-4998-0714-fb17703e1f21,auto_agent_xfbks.action.Office365Outlook-AssignsanOutlookcategory,2026-03-15,139,53,53,53
b7bdbd90-2944-3789-b262-645c86df4d6a,copilots_header_a83e6.action.SharePoint-Getitems_dV7,2026-03-15,1,1,0,0
ab0e793c-922c-a546-1e96-a7e20fbfa785,crad4_sharePointListQueryAssistant.action.SharePoint-Getitems,2026-03-15,6,6,0,0
f0d0a9bd-433c-deeb-63e8-4a4c455202fa,cua_agent__rMCt.action.AzureAISearch-SemanticHybridSearch,2026-03-22,2,0,0,0
308b83d4-b963-0f10-c220-dacf9cd5f2ad,copilots_header_fab82.action.SharePoint-Listrootfolder,2026-03-22,12,5,0,0
74ea7f1c-90a4-6c8f-b363-e531912d7422,crad4_agentA4gk7m.action.AzureDevOps-Getqueryresults_D41,2026-03-22,5,5,0,0
74ea7f1c-90a4-6c8f-b363-e531912d7422,crad4_agentA4gk7m.action.AzureDevOps-Getqueryresults,2026-03-22,5,1,0,0
d19e3da9-341b-85b0-2815-36709f1edcbd,copilots_header_fab82.action.SharePoint-Listrootfolder,2026-03-22,3,3,0,0
adf47dbf-5916-88be-11a7-7eb66c134364,copilots_header_81655.action.ExcelExtractFlow,2026-03-22,2,2,0,0
35b60863-5ea2-8181-3a6d-8e6d672db7ea,crad4_sharePointOrderNumberValidator.action.SharePoint-Getfilecontent,2026-03-22,14,14,14,14
cf990179-095f-576b-1d8d-e7811941904c,crad4_scoutAccountAssistant.action.AzureSQLDataWarehouse-ExecuteaSQLqueryV2,2026-03-22,9,5,0,0
74ea7f1c-90a4-6c8f-b363-e531912d7422,crad4_agentA4gk7m.action.AzureDevOps-Getqueryresults_0pv~ListAccounts,2026-03-22,8,6,0,0
cf990179-095f-576b-1d8d-e7811941904c,crad4_scoutAccountAssistant.action.AzureSQLDataWarehouse-ExecuteaSQLqueryV2_mZc,2026-03-22,15,11,0,0
74ea7f1c-90a4-6c8f-b363-e531912d7422,crad4_agentA4gk7m.action.AzureDevOps-Getqueryresults_xcy,2026-03-22,3,3,0,0
74ea7f1c-90a4-6c8f-b363-e531912d7422,crad4_agentA4gk7m.action.AzureDevOps-Getqueryresults_UL4,2026-03-22,3,3,0,0
74ea7f1c-90a4-6c8f-b363-e531912d7422,crad4_agentA4gk7m.action.AzureDevOps-Getqueryresults_FIN,2026-03-22,1,1,0,0
8a5a76d3-32a9-efa4-a73a-b08d003b6c5f,copilots_header_fab82.action.SharePoint-Listrootfolder,2026-03-22,3,0,0,0
74ea7f1c-90a4-6c8f-b363-e531912d7422,crad4_agentA4gk7m.action.AzureDevOps-Getqueryresults_Pjb,2026-03-22,1,1,0,0
ae1d0e66-b31b-4998-0714-fb17703e1f21,auto_agent_xfbks.action.Office365Outlook-AssignsanOutlookcategory,2026-03-22,165,57,54,54
74ea7f1c-90a4-6c8f-b363-e531912d7422,crad4_agentA4gk7m.action.AzureDevOps-Getqueryresults_wXQ,2026-03-22,1,1,0,0
74ea7f1c-90a4-6c8f-b363-e531912d7422,crad4_agentA4gk7m.action.AzureDevOps-Getqueryresults_u6H,2026-03-22,4,4,0,0
74ea7f1c-90a4-6c8f-b363-e531912d7422,crad4_agentA4gk7m.action.AzureDevOps-Getqueryresults_ZWj,2026-03-22,2,2,0,0
74ea7f1c-90a4-6c8f-b363-e531912d7422,crad4_agentA4gk7m.action.AzureDevOps-Getqueryresults_0pv,2026-03-22,11,4,0,0
74ea7f1c-90a4-6c8f-b363-e531912d7422,crad4_agentA4gk7m.action.AzureDevOps-Getqueryresults_p7u,2026-03-22,2,2,0,0
df66b318-4bbd-6dcb-d6dd-6aaf07eb7275,crad4_agentTm9sB-.action.SQLServer-ExecuteaSQLqueryV2,2026-03-22,301,283,0,0
f61d148c-76e6-3001-55a8-ee4ca47ace11,crad4_inboxTaskManager.action.Planner-Createatask,2026-03-22,288,0,0,0
aafe92e4-b32d-77f4-09ef-1d131aa5787e,cre4a_regulatoryDev.action.AzureDevOps-Searchforworkitems,2026-03-22,1,1,0,0
74ea7f1c-90a4-6c8f-b363-e531912d7422,crad4_agentA4gk7m.action.AzureDevOps-Listworkitems,2026-03-22,1,0,0,0
deffc94e-2085-a2d0-1ac6-37bf55b759c9,copilots_header_fab82.action.SharePoint-Listrootfolder,2026-03-22,3,3,0,0
f61d148c-76e6-3001-55a8-ee4ca47ace11,crad4_inboxTaskManager.action.Planner-Createatask~ListGroups,2026-03-22,181,181,0,0
33e839ea-074e-e138-16dc-4a867812860d,crad4_competitiveIntelAgent.action.Office365Outlook-SendanemailV2,2026-03-22,6,6,6,6
b7b409ca-6516-2e27-a5b2-e7c823fa4654,crad4_irishGrantsResearchAgent.action.Office365Outlook-SendanemailV2,2026-03-22,1,1,1,1
df66b318-4bbd-6dcb-d6dd-6aaf07eb7275,crad4_agentTm9sB-.action.SQLServer-ExecuteaSQLqueryV2,2026-03-29,91,77,0,0
f61d148c-76e6-3001-55a8-ee4ca47ace11,crad4_inboxTaskManager.action.Planner-Createatask,2026-03-29,221,0,0,0
f61d148c-76e6-3001-55a8-ee4ca47ace11,crad4_inboxTaskManager.action.Planner-Createatask~ListGroups,2026-03-29,154,154,0,0
3700af0b-5279-d5ef-2aca-92c5c507e85c,crad4_agentqsNQhk.action.AzureSQLDataWarehouse-ExecuteaSQLqueryV2,2026-03-29,1,0,0,0
cf990179-095f-576b-1d8d-e7811941904c,crad4_scoutAccountAssistant.action.AzureSQLDataWarehouse-ExecuteaSQLqueryV2,2026-03-29,1,1,0,0
b7b409ca-6516-2e27-a5b2-e7c823fa4654,crad4_irishGrantsResearchAgent.action.Office365Outlook-SendanemailV2,2026-03-29,1,1,1,1
33e839ea-074e-e138-16dc-4a867812860d,crad4_competitiveIntelAgent.action.Office365Outlook-SendanemailV2,2026-03-29,2,2,2,2
74ea7f1c-90a4-6c8f-b363-e531912d7422,crad4_agentA4gk7m.action.AzureDevOps-Getqueryresults_ZWj,2026-03-29,1,1,0,0
35b60863-5ea2-8181-3a6d-8e6d672db7ea,crad4_sharePointOrderNumberValidator.action.SharePoint-Getfilecontent,2026-03-29,52,52,52,52
74ea7f1c-90a4-6c8f-b363-e531912d7422,crad4_agentA4gk7m.action.AzureDevOps-Getqueryresults_xcy,2026-03-29,1,1,0,0
cf990179-095f-576b-1d8d-e7811941904c,crad4_scoutAccountAssistant.action.AzureSQLDataWarehouse-ExecuteaSQLqueryV2_mZc,2026-03-29,1,0,0,0
98e53774-1f18-e88c-9de2-07331d654981,crad4_uiPathErrorHelper.action.MicrosoftTeams-Replywithamessageinachannel,2026-03-29,3,0,0,0
3700af0b-5279-d5ef-2aca-92c5c507e85c,crad4_agentqsNQhk.action.AzureSQLDataWarehouse-ExecuteaSQLqueryV2_REF,2026-03-29,1,0,0,0
ae1d0e66-b31b-4998-0714-fb17703e1f21,auto_agent_xfbks.action.Office365Outlook-AssignsanOutlookcategory,2026-03-29,146,60,59,59
3f0a5559-0596-3fe5-aa0f-59899cb9169f,crad4_leaNaLeadNotifierAgent.action.Office365Outlook-SendanemailV2,2026-03-29,11,11,11,11
98e53774-1f18-e88c-9de2-07331d654981,crad4_uiPathErrorHelper.action.MicrosoftTeams-Replywithamessageinachannel,2026-04-05,1,0,0,0
a7f32d9d-7ed5-e83b-e100-04b87adeabcd,copilots_header_d2c0d.action.ServiceNow-ListRecords,2026-04-05,4,2,0,0
a7f32d9d-7ed5-e83b-e100-04b87adeabcd,copilots_header_d2c0d.action.ServiceNow-CreateRecord,2026-04-05,1,1,0,0
35b60863-5ea2-8181-3a6d-8e6d672db7ea,crad4_sharePointOrderNumberValidator.action.SharePoint-Getfilecontent,2026-04-05,7,7,7,7
8c50c8df-ee9c-c2c5-dcf5-44284d7cdef7,crad4_TestCaseValidationQAS.action.TestcaseExcelGenerator,2026-04-05,13,6,0,0
ae1d0e66-b31b-4998-0714-fb17703e1f21,auto_agent_xfbks.action.Office365Outlook-AssignsanOutlookcategory,2026-04-05,202,67,64,64
f61d148c-76e6-3001-55a8-ee4ca47ace11,crad4_inboxTaskManager.action.Planner-Createatask,2026-04-05,233,0,0,0
ca046bd6-e1f2-5794-a120-332ca9cf8295,crad4_migrationFluxPowerAutomate.action.Office365Outlook-EnvoyerunerequteHTTP,2026-04-05,3,0,0,0
df66b318-4bbd-6dcb-d6dd-6aaf07eb7275,crad4_agentTm9sB-.action.SQLServer-ExecuteaSQLqueryV2,2026-04-05,219,186,0,0
b7b409ca-6516-2e27-a5b2-e7c823fa4654,crad4_irishGrantsResearchAgent.action.Office365Outlook-SendanemailV2,2026-04-05,1,1,1,1
33e839ea-074e-e138-16dc-4a867812860d,crad4_competitiveIntelAgent.action.Office365Outlook-SendanemailV2,2026-04-05,7,7,7,7
f61d148c-76e6-3001-55a8-ee4ca47ace11,crad4_inboxTaskManager.action.Planner-Createatask~ListGroups,2026-04-05,123,123,0,0
ca046bd6-e1f2-5794-a120-332ca9cf8295,crad4_migrationFluxPowerAutomate.action.MicrosoftTeams-Publierlemessagedansuneconversationinstantane,2026-04-05,9,0,0,0
b807ae80-0f35-cbe4-ff72-3379c80c3a90,auto_agent_-KW4K.action.GetMyClients,2026-04-12,1,1,0,0
b807ae80-0f35-cbe4-ff72-3379c80c3a90,auto_agent_-KW4K.action.Extract_To_Excel,2026-04-12,23,23,0,0
ca046bd6-e1f2-5794-a120-332ca9cf8295,crad4_migrationFluxPowerAutomate.action.Office365Outlook-Envoyerune-mailpartirduneboteauxlettrespart,2026-04-12,1,1,0,0
ca046bd6-e1f2-5794-a120-332ca9cf8295,crad4_migrationFluxPowerAutomate.action.MicrosoftTeams-Publierlemessagedansuneconversationinstantane,2026-04-12,13,0,0,0
f61d148c-76e6-3001-55a8-ee4ca47ace11,crad4_inboxTaskManager.action.Planner-Createatask~ListGroups,2026-04-12,142,142,0,0
b807ae80-0f35-cbe4-ff72-3379c80c3a90,auto_agent_-KW4K.action.Untitled_2MU,2026-04-12,2,2,0,0
33e839ea-074e-e138-16dc-4a867812860d,crad4_competitiveIntelAgent.action.Office365Outlook-SendanemailV2,2026-04-12,7,5,5,5
b7b409ca-6516-2e27-a5b2-e7c823fa4654,crad4_irishGrantsResearchAgent.action.Office365Outlook-SendanemailV2,2026-04-12,1,1,1,1
df66b318-4bbd-6dcb-d6dd-6aaf07eb7275,crad4_agentTm9sB-.action.SQLServer-ExecuteaSQLqueryV2,2026-04-12,10,9,0,0
ca046bd6-e1f2-5794-a120-332ca9cf8295,crad4_migrationFluxPowerAutomate.action.Office365Outlook-EnvoyerunerequteHTTP,2026-04-12,4,0,0,0
f61d148c-76e6-3001-55a8-ee4ca47ace11,crad4_inboxTaskManager.action.Planner-Createatask,2026-04-12,250,0,0,0
3f0a5559-0596-3fe5-aa0f-59899cb9169f,crad4_leaNaLeadNotifierAgent.action.Office365Outlook-SendanemailV2,2026-04-12,3,3,3,3
d016454a-df0f-bde2-ca7b-966e23c4bd35,cr2df_agent.action.SQLServer-ExecuteaSQLqueryV2_Tkt,2026-04-12,1,0,0,0
ae1d0e66-b31b-4998-0714-fb17703e1f21,auto_agent_xfbks.action.Office365Outlook-AssignsanOutlookcategory,2026-04-12,180,64,63,63
a7f32d9d-7ed5-e83b-e100-04b87adeabcd,copilots_header_d2c0d.action.ServiceNow-ListRecords,2026-04-12,3,2,0,0
35b60863-5ea2-8181-3a6d-8e6d672db7ea,crad4_sharePointOrderNumberValidator.action.SharePoint-Getfilecontent,2026-04-12,21,21,21,21
a7f32d9d-7ed5-e83b-e100-04b87adeabcd,copilots_header_d2c0d.action.ServiceNow-CreateRecord,2026-04-12,4,4,0,0
a7f32d9d-7ed5-e83b-e100-04b87adeabcd,copilots_header_d2c0d.action.ServiceNow-GetKnowledgeArticles,2026-04-19,19,19,0,0
3f0a5559-0596-3fe5-aa0f-59899cb9169f,crad4_leaNaLeadNotifierAgent.action.Office365Outlook-SendanemailV2,2026-04-19,131,131,131,131
ae1d0e66-b31b-4998-0714-fb17703e1f21,auto_agent_xfbks.action.Office365Outlook-AssignsanOutlookcategory,2026-04-19,160,55,55,55
ce2d34f5-959c-32c2-14d7-cb80d1052b83,cre4a_regulatoryDev.action.AzureDevOps-Getworkitemdetails,2026-04-19,1,0,0,0
98e53774-1f18-e88c-9de2-07331d654981,crad4_uiPathErrorHelper.action.MicrosoftTeams-Replywithamessageinachannel,2026-04-19,15,0,0,0
35b60863-5ea2-8181-3a6d-8e6d672db7ea,crad4_sharePointOrderNumberValidator.action.SharePoint-Getfilecontent,2026-04-19,38,38,38,38
a7f32d9d-7ed5-e83b-e100-04b87adeabcd,copilots_header_d2c0d.action.ServiceNow-ListRecords,2026-04-19,3,3,0,0
33e839ea-074e-e138-16dc-4a867812860d,crad4_competitiveIntelAgent.action.Office365Outlook-SendanemailV2,2026-04-19,7,7,7,7
b7b409ca-6516-2e27-a5b2-e7c823fa4654,crad4_irishGrantsResearchAgent.action.Office365Outlook-SendanemailV2,2026-04-19,1,1,1,1
ca046bd6-e1f2-5794-a120-332ca9cf8295,crad4_migrationFluxPowerAutomate.action.MicrosoftTeams-Publierlemessagedansuneconversationinstantane,2026-04-19,17,0,0,0
f61d148c-76e6-3001-55a8-ee4ca47ace11,crad4_inboxTaskManager.action.Planner-Createatask~ListGroups,2026-04-19,254,254,0,0
d016454a-df0f-bde2-ca7b-966e23c4bd35,cr2df_agent.action.SQLServer-ExecuteaSQLqueryV2_Tkt,2026-04-19,11,7,0,0
f61d148c-76e6-3001-55a8-ee4ca47ace11,crad4_inboxTaskManager.action.Planner-Createatask,2026-04-19,287,0,0,0
df66b318-4bbd-6dcb-d6dd-6aaf07eb7275,crad4_agentTm9sB-.action.SQLServer-ExecuteaSQLqueryV2,2026-04-19,1,1,0,0
ca046bd6-e1f2-5794-a120-332ca9cf8295,crad4_migrationFluxPowerAutomate.action.Office365Outlook-EnvoyerunerequteHTTP,2026-04-19,1,0,0,0
b7b409ca-6516-2e27-a5b2-e7c823fa4654,crad4_irishGrantsResearchAgent.action.Office365Outlook-SendanemailV2,2026-04-26,1,1,1,1
33e839ea-074e-e138-16dc-4a867812860d,crad4_competitiveIntelAgent.action.Office365Outlook-SendanemailV2,2026-04-26,7,7,7,7
f61d148c-76e6-3001-55a8-ee4ca47ace11,crad4_inboxTaskManager.action.Planner-Createatask~ListGroups,2026-04-26,62,62,0,0
ca046bd6-e1f2-5794-a120-332ca9cf8295,crad4_migrationFluxPowerAutomate.action.MicrosoftTeams-Publierlemessagedansuneconversationinstantane,2026-04-26,9,0,0,0
f61d148c-76e6-3001-55a8-ee4ca47ace11,crad4_inboxTaskManager.action.Planner-Createatask,2026-04-26,250,0,0,0
ca046bd6-e1f2-5794-a120-332ca9cf8295,crad4_migrationFluxPowerAutomate.action.Office365Outlook-EnvoyerunerequteHTTP,2026-04-26,4,0,0,0
df66b318-4bbd-6dcb-d6dd-6aaf07eb7275,crad4_agentTm9sB-.action.SQLServer-ExecuteaSQLqueryV2,2026-04-26,90,87,0,0
d016454a-df0f-bde2-ca7b-966e23c4bd35,cr2df_agent.action.SQLServer-ExecuteaSQLqueryV2_TGy,2026-04-26,7,1,0,0
d016454a-df0f-bde2-ca7b-966e23c4bd35,cr2df_agent.action.SQLServer-ExecuteaSQLqueryV2_Tkt,2026-04-26,13,13,0,0
ae1d0e66-b31b-4998-0714-fb17703e1f21,auto_agent_xfbks.action.Office365Outlook-AssignsanOutlookcategory,2026-04-26,175,63,62,62
ce2d34f5-959c-32c2-14d7-cb80d1052b83,cre4a_regulatoryDev.action.AzureDevOps-Getworkitemdetails,2026-04-26,4,0,0,0
cf990179-095f-576b-1d8d-e7811941904c,crad4_scoutAccountAssistant.action.AzureSQLDataWarehouse-ExecuteaSQLqueryV2_mZc,2026-04-26,10,10,0,0
a7f32d9d-7ed5-e83b-e100-04b87adeabcd,copilots_header_d2c0d.action.ServiceNow-CreateRecord,2026-04-26,2,2,0,0
35b60863-5ea2-8181-3a6d-8e6d672db7ea,crad4_sharePointOrderNumberValidator.action.SharePoint-Getfilecontent,2026-04-26,19,19,19,19
a7f32d9d-7ed5-e83b-e100-04b87adeabcd,copilots_header_d2c0d.action.ServiceNow-GetKnowledgeArticles,2026-04-26,26,25,0,0
d016454a-df0f-bde2-ca7b-966e23c4bd35,cr2df_agent.action.SQLServer-ExecuteaSQLqueryV2_2wZ,2026-04-26,16,14,0,0
3f0a5559-0596-3fe5-aa0f-59899cb9169f,crad4_leaNaLeadNotifierAgent.action.Office365Outlook-SendanemailV2,2026-04-26,240,240,240,240
f61d148c-76e6-3001-55a8-ee4ca47ace11,crad4_inboxTaskManager.action.Planner-Createatask~ListGroups,2026-05-03,67,67,0,0
886be1cd-d374-b473-eb5e-5e44351e0f6c,crad4_smrTestEngrTeamAgent.action.WordOnlineBusiness-CreateaMicrosoftWorddocumentwiththegivencontent,2026-05-03,1,1,0,0
ca046bd6-e1f2-5794-a120-332ca9cf8295,crad4_migrationFluxPowerAutomate.action.MicrosoftTeams-Publierlemessagedansuneconversationinstantane,2026-05-03,10,0,0,0
b7b409ca-6516-2e27-a5b2-e7c823fa4654,crad4_irishGrantsResearchAgent.action.Office365Outlook-SendanemailV2,2026-05-03,1,1,1,1
33e839ea-074e-e138-16dc-4a867812860d,crad4_competitiveIntelAgent.action.Office365Outlook-SendanemailV2,2026-05-03,7,7,7,7
343157b6-56bb-b51b-9809-7dfc3ec5bef1,crad4_ADOAgent.action.GetADOEpicsandFeatures,2026-05-03,9,3,0,0
ca046bd6-e1f2-5794-a120-332ca9cf8295,crad4_migrationFluxPowerAutomate.action.Office365Outlook-EnvoyerunerequteHTTP,2026-05-03,5,0,0,0
df66b318-4bbd-6dcb-d6dd-6aaf07eb7275,crad4_agentTm9sB-.action.SQLServer-ExecuteaSQLqueryV2,2026-05-03,249,229,0,0
db873d50-955b-d127-c12c-5e7d2c2743ff,cr2df_projectCostEstimator.action.Sizing_FLOW_A,2026-05-03,26,18,0,0
f61d148c-76e6-3001-55a8-ee4ca47ace11,crad4_inboxTaskManager.action.Planner-Createatask,2026-05-03,260,0,0,0
343157b6-56bb-b51b-9809-7dfc3ec5bef1,crad4_ADOAgent.action.Untitled_CKB,2026-05-03,2,2,0,0
a7f32d9d-7ed5-e83b-e100-04b87adeabcd,copilots_header_d2c0d.action.ServiceNow-GetKnowledgeArticles,2026-05-03,15,15,0,0
343157b6-56bb-b51b-9809-7dfc3ec5bef1,crad4_ADOAgent.action.ADOFlow,2026-05-03,3,3,0,0
24ae3621-8f12-e489-73f5-db224d1242d3,cr2df_DAsizingEstimator.action.Sizing_FLOW_A,2026-05-03,6,6,0,0
d016454a-df0f-bde2-ca7b-966e23c4bd35,cr2df_agent.action.SQLServer-ExecuteaSQLqueryV2_2wZ,2026-05-03,1,1,0,0
343157b6-56bb-b51b-9809-7dfc3ec5bef1,crad4_ADOAgent.action.Untitled,2026-05-03,3,3,0,0
3f0a5559-0596-3fe5-aa0f-59899cb9169f,crad4_leaNaLeadNotifierAgent.action.Office365Outlook-SendanemailV2,2026-05-03,6,6,6,6
48e2700a-e001-847c-88f2-a2f32ed56e64,cua_agent_VT_mT.action.Computeruse-Computeruse~ExecuteCUA,2026-05-03,1,1,0,0
ce2d34f5-959c-32c2-14d7-cb80d1052b83,cre4a_regulatoryDev.action.AzureDevOps-Getworkitemdetails,2026-05-03,8,0,0,0
ae1d0e66-b31b-4998-0714-fb17703e1f21,auto_agent_xfbks.action.Office365Outlook-AssignsanOutlookcategory,2026-05-03,157,59,59,59
c1d785ec-e2bb-dc03-9846-c37f96ab665f,ca_agentPwBTCv.action.IntegrationDataFlow,2026-05-03,4,4,0,0
a7f32d9d-7ed5-e83b-e100-04b87adeabcd,copilots_header_d2c0d.action.ServiceNow-CreateRecord,2026-05-03,2,2,0,0
35b60863-5ea2-8181-3a6d-8e6d672db7ea,crad4_sharePointOrderNumberValidator.action.SharePoint-Getfilecontent,2026-05-03,17,17,17,17
d016454a-df0f-bde2-ca7b-966e23c4bd35,cr2df_agent.action.SQLServer-ExecuteaSQLqueryV2_Tkt,2026-05-03,1,1,0,0
b7b409ca-6516-2e27-a5b2-e7c823fa4654,crad4_irishGrantsResearchAgent.action.Office365Outlook-SendanemailV2,2026-05-10,1,1,1,1
33e839ea-074e-e138-16dc-4a867812860d,crad4_competitiveIntelAgent.action.Office365Outlook-SendanemailV2,2026-05-10,7,7,7,7
f61d148c-76e6-3001-55a8-ee4ca47ace11,crad4_inboxTaskManager.action.Planner-Createatask~ListGroups,2026-05-10,133,133,0,0
3700af0b-5279-d5ef-2aca-92c5c507e85c,crad4_agentqsNQhk.action.AzureSQLDataWarehouse-ExecuteaSQLqueryV2,2026-05-10,2,1,0,0
ca046bd6-e1f2-5794-a120-332ca9cf8295,crad4_migrationFluxPowerAutomate.action.MicrosoftTeams-Publierlemessagedansuneconversationinstantane,2026-05-10,4,0,0,0
f61d148c-76e6-3001-55a8-ee4ca47ace11,crad4_inboxTaskManager.action.Planner-Createatask,2026-05-10,297,0,0,0
343157b6-56bb-b51b-9809-7dfc3ec5bef1,crad4_ADOAgent.action.Untitled_CKB,2026-05-10,1,1,0,0
343157b6-56bb-b51b-9809-7dfc3ec5bef1,crad4_ADOAgent.action.GetADOEpicsandFeatures,2026-05-10,1,1,0,0
df66b318-4bbd-6dcb-d6dd-6aaf07eb7275,crad4_agentTm9sB-.action.SQLServer-ExecuteaSQLqueryV2,2026-05-10,117,108,0,0
df66b318-4bbd-6dcb-d6dd-6aaf07eb7275,crad4_agentTm9sB-.action.OneDriveforBusiness-Createfile,2026-05-10,12,8,0,0
d016454a-df0f-bde2-ca7b-966e23c4bd35,cr2df_agent.action.SQLServer-ExecuteaSQLqueryV2_ADC,2026-05-10,1,1,0,0
dd84d358-e88c-1e33-c093-90ff17ed4367,copilots_header_c96db.action.Office365Outlook-GetemailsV3,2026-05-10,1,1,0,0
e4cf2d10-ba29-5a61-46d6-73c2eb8aa7c7,crad4_GQOTestCaseGuidelines.action.AzureDevOps-Getworkitemdetails,2026-05-10,1,1,0,0
24ae3621-8f12-e489-73f5-db224d1242d3,cr2df_DAsizingEstimator.action.Office365Outlook-SendanemailV2,2026-05-10,3,3,0,0
ae1d0e66-b31b-4998-0714-fb17703e1f21,auto_agent_xfbks.action.Office365Outlook-AssignsanOutlookcategory,2026-05-10,166,52,52,52
cf990179-095f-576b-1d8d-e7811941904c,crad4_scoutAccountAssistant.action.AzureSQLDataWarehouse-ExecuteaSQLqueryV2_mZc,2026-05-10,1,1,0,0
3700af0b-5279-d5ef-2aca-92c5c507e85c,crad4_agentqsNQhk.action.AzureSQLDataWarehouse-ExecuteaSQLqueryV2_REF,2026-05-10,1,0,0,0
c1d785ec-e2bb-dc03-9846-c37f96ab665f,ca_agentPwBTCv.action.IntegrationDataFlow,2026-05-10,3,1,0,0
35b60863-5ea2-8181-3a6d-8e6d672db7ea,crad4_sharePointOrderNumberValidator.action.SharePoint-Getfilecontent,2026-05-10,14,14,14,14
343157b6-56bb-b51b-9809-7dfc3ec5bef1,crad4_ADOAgent.action.ADOFlow,2026-05-10,1,1,0,0
24ae3621-8f12-e489-73f5-db224d1242d3,cr2df_DAsizingEstimator.action.Sizing_FLOW_A,2026-05-10,5,5,0,0
343157b6-56bb-b51b-9809-7dfc3ec5bef1,crad4_ADOAgent.action.Untitled,2026-05-10,2,2,0,0
3f0a5559-0596-3fe5-aa0f-59899cb9169f,crad4_leaNaLeadNotifierAgent.action.Office365Outlook-SendanemailV2,2026-05-10,42,42,42,42
3f0a5559-0596-3fe5-aa0f-59899cb9169f,crad4_leaNaLeadNotifierAgent.action.Office365Outlook-SendanemailV2,2026-05-17,16,16,16,16
24ae3621-8f12-e489-73f5-db224d1242d3,cr2df_DAsizingEstimator.action.Sizing_FLOW_A,2026-05-17,16,16,0,0
35b60863-5ea2-8181-3a6d-8e6d672db7ea,crad4_sharePointOrderNumberValidator.action.SharePoint-Getfilecontent,2026-05-17,12,12,12,12
98e53774-1f18-e88c-9de2-07331d654981,crad4_uiPathErrorHelper.action.MicrosoftTeams-Replywithamessageinachannel,2026-05-17,2,0,0,0
ee09da14-3ee6-0467-4605-21b8b4001d3b,ca_agentH1glac.action.Office365Outlook-SendanemailV2,2026-05-17,2,2,0,0
ae1d0e66-b31b-4998-0714-fb17703e1f21,auto_agent_xfbks.action.Office365Outlook-AssignsanOutlookcategory,2026-05-17,215,95,94,94
24ae3621-8f12-e489-73f5-db224d1242d3,cr2df_DAsizingEstimator.action.Office365Outlook-SendanemailV2,2026-05-17,13,11,0,0
d016454a-df0f-bde2-ca7b-966e23c4bd35,cr2df_agent.action.SQLServer-ExecuteaSQLqueryV2_2wZ,2026-05-17,4,4,0,0
e4cf2d10-ba29-5a61-46d6-73c2eb8aa7c7,crad4_GQOTestCaseGuidelines.action.AzureDevOps-Getworkitemdetails,2026-05-17,1,1,0,0
b807ae80-0f35-cbe4-ff72-3379c80c3a90,auto_agent_-KW4K.action.GetMyClients,2026-05-17,1,1,0,0
d016454a-df0f-bde2-ca7b-966e23c4bd35,cr2df_agent.action.SQLServer-ExecuteaSQLqueryV2_ADC,2026-05-17,18,15,0,0
343157b6-56bb-b51b-9809-7dfc3ec5bef1,crad4_ADOAgent.action.GetADOEpicsandFeatures,2026-05-17,7,0,0,0
ca046bd6-e1f2-5794-a120-332ca9cf8295,crad4_migrationFluxPowerAutomate.action.Office365Outlook-EnvoyerunerequteHTTP,2026-05-17,2,0,0,0
df66b318-4bbd-6dcb-d6dd-6aaf07eb7275,crad4_agentTm9sB-.action.SQLServer-ExecuteaSQLqueryV2,2026-05-17,140,133,0,0
db873d50-955b-d127-c12c-5e7d2c2743ff,cr2df_projectCostEstimator.action.Sizing_FLOW_A,2026-05-17,2,0,0,0
f61d148c-76e6-3001-55a8-ee4ca47ace11,crad4_inboxTaskManager.action.Planner-Createatask,2026-05-17,333,70,0,0
f61d148c-76e6-3001-55a8-ee4ca47ace11,crad4_inboxTaskManager.action.Planner-Createatask~ListGroups,2026-05-17,58,58,0,0
d016454a-df0f-bde2-ca7b-966e23c4bd35,cr2df_agent.action.SQLServer-ExecuteaSQLqueryV2_Tkt,2026-05-17,9,7,0,0
ca046bd6-e1f2-5794-a120-332ca9cf8295,crad4_migrationFluxPowerAutomate.action.MicrosoftTeams-Publierlemessagedansuneconversationinstantane,2026-05-17,6,0,0,0
b7b409ca-6516-2e27-a5b2-e7c823fa4654,crad4_irishGrantsResearchAgent.action.Office365Outlook-SendanemailV2,2026-05-17,1,1,1,1
33e839ea-074e-e138-16dc-4a867812860d,crad4_competitiveIntelAgent.action.Office365Outlook-SendanemailV2,2026-05-17,7,7,7,7
24ae3621-8f12-e489-73f5-db224d1242d3,cr2df_DAsizingEstimator.action.Office365Outlook-SendanemailV2,2026-05-24,4,4,0,0
2e5e5060-4c1f-f82d-e28d-09f2d901c49a,copilots_header_d2c0d.action.ServiceNow-GetKnowledgeArticles,2026-05-24,14,14,0,0
ca046bd6-e1f2-5794-a120-332ca9cf8295,crad4_migrationFluxPowerAutomate.action.MicrosoftTeams-Publierlemessagedansuneconversationinstantane,2026-05-24,9,0,0,0
33e839ea-074e-e138-16dc-4a867812860d,crad4_competitiveIntelAgent.action.Office365Outlook-SendanemailV2,2026-05-24,7,7,7,7
b7b409ca-6516-2e27-a5b2-e7c823fa4654,crad4_irishGrantsResearchAgent.action.Office365Outlook-SendanemailV2,2026-05-24,1,1,1,1
df66b318-4bbd-6dcb-d6dd-6aaf07eb7275,crad4_agentTm9sB-.action.SQLServer-ExecuteaSQLqueryV2,2026-05-24,19,17,0,0
ca046bd6-e1f2-5794-a120-332ca9cf8295,crad4_migrationFluxPowerAutomate.action.Office365Outlook-EnvoyerunerequteHTTP,2026-05-24,3,0,0,0
f61d148c-76e6-3001-55a8-ee4ca47ace11,crad4_inboxTaskManager.action.Planner-Createatask,2026-05-24,170,78,0,0
a7f32d9d-7ed5-e83b-e100-04b87adeabcd,copilots_header_d2c0d.action.ServiceNow-GetKnowledgeArticles,2026-05-24,1,1,0,0
24ae3621-8f12-e489-73f5-db224d1242d3,cr2df_DAsizingEstimator.action.Sizing_FLOW_A,2026-05-24,5,5,0,0
78ced8cc-bafa-8ffb-66f7-d4e32a37ad11,crad4_jiraProjectDataFetcher.action.JiratoCoPilot,2026-05-24,2,2,0,0
ae1d0e66-b31b-4998-0714-fb17703e1f21,auto_agent_xfbks.action.Office365Outlook-AssignsanOutlookcategory,2026-05-24,173,60,60,60
35b60863-5ea2-8181-3a6d-8e6d672db7ea,crad4_sharePointOrderNumberValidator.action.SharePoint-Getfilecontent,2026-05-24,16,16,16,16
d3cb791b-8d4c-c498-cdf1-92bee53fab43,crad4_TestFlowIntelligenceAgent.action.Flow1,2026-05-24,9,6,0,0
